"Sygnatura czasowa","Wiek:","Płeć:","Województwo:","Miejsce zamieszkania:","Długość uczestnictwa w grupowych obrzędach rodzimowierczych:","Skąd dowiedziałeś/aś się o rodzimowierstwie?","Jeżeli chcesz, określ swoją przynależność do organizacji rodzimowierczej o charakterze ogólnopolskim.","Opisz własnymi słowami, czym jest dla Ciebie rodzimowierstwo.","1. Wierzę w Bogów będących istotami osobowymi, dysponujących własną wolą i wpływem na rzeczywistość.","2. Wierzę, że odpowiednie działania obrzędowe mogą mieć realny wpływ na otaczającą mnie rzeczywistość.","3. Wierzę, że odpowiednie działania obrzędowe przeprowadzone o właściwym czasie pozwalają na porozumienie się z Bogami i/lub Przodkami.","4. Wierzę, że dusza składa się z więcej niż jednej części i że każda po śmierci wędruje w przynależne jej miejsce.","5. Wierzę, że przynajmniej część mojej duszy zreinkarnuje się po mojej śmierci.","6. Wierzę, że duchy zmarłych mogą mieć wpływ na otaczającą mnie rzeczywistość.","7. Wierzę, że dusza niepoprawnie odprowadzona z tego świata może nie zaznać spokoju w zaświatach.","Jeżeli uważasz że powinieneś dopowiedzieć coś nie wymienionego w powyższej części proszę, napisz to tutaj.","Czy jesteś bardziej animistą, politeistą, henoteistą czy jeszcze kimś innym? Opisz swoje przekonania religijne.","Czy uważasz że jakaś część Twoich przekonań dotyczących wiary może zostać wzięta za ""dziwną"" przez społeczeństwo? Co to takiego?","1. ... Zoriana Dołęgi - Chodakowskiego?","2. ... Jana Stachniuka?","3. ... Władysława Kołodzieja?","4. ...Lecha Emfazego Stefańskiego?","Czy znasz jeszcze kogoś ważnego dla historii rodzimowierstwa w Polsce bądź uważasz, że musisz coś dopowiedzieć?","1. Uważam, że współczesny świat jest ubogi duchowo.","2. Uważam, że chrześcijaństwo niezależnie od okoliczności będzie wrogie rodzimowierstwu.","3. Moim zdaniem za mało uwagi poświęca się współcześnie ochronie Przyrody.","4. W mojej opinii rodzimowierstwo powinno być bardziej konserwatywne, niż liberalne światopoglądowo.","5. Rodzimowiercą powinien nazywać się człowiek czczący wyłącznie słowiańskich Bogów.","6. Przynależność narodowa i pochodzenie są ze sobą nierozerwalnie związane.","7. Uważam, że osoba pochodzenia niesłowiańskiego nie może zostać rodzimowiercą słowiańskim.","8. Konsumpcjonizm jest zły bez względu na okoliczności.","9. Imigracja wszystkich obcokrajowców do Polski powinna zostać zatrzymana za wszelką cenę.","10. Imigracja niektórych grup społecznych do Polski powinna zostać zatrzymana za wszelką cenę.","11. Uważam że duchowość rodzimowiercza nie wchodzi w konflikt z nauką.","12. Moim zdaniem rodzimowierstwo nie wchodzi w konflikt ze zjawiskami takimi jak migracja, czy też działalność ruchów LGBT.","13. Moim zdaniem rodzimowierstwo powinno być miejscem dla każdego, kto czci Bogów słowiańskich.","14. Moim zdaniem, rodzimowierstwo nie powinno dążyć do wywarcia wpływu na współczesny świat.","15. Rodzimowierstwo powinno zwalczać objawy społecznej ""zgnilizny"".","Jak sądzisz, jakie relacje powinny łączyć rodzimowierstwo i inne wyznania?","Czy uważasz, że rodzimowierstwo stanowi lekarstwo na bolączki współczesnego społeczeństwa? W jaki sposób?","Uważam się za bardziej...","Uważam się za bardziej...","Dziękuję za udział w ankiecie! Jeżeli dostrzegłeś/aś coś niewłaściwego w powyższej ankiecie proszę, opisz to tutaj, bym następnym razem mógł udoskonalić mój sposób zbierania informacji tą drogą. Dziękuję! :)"
"2018/05/23 12:07:37 AM CET","45 - 54","Mężczyzna","woj. łódzkie","miasto, powyżej 300000 mieszkańców","więcej niż 15 lat","Z własnych poszukiwań","Wspólnota lokalna","To moja wiara","5","5","5","5","5","5","5","","Jestem całkowicie politeistą. Pytania powyżej odpowiedziały ","Takiem elementem jest mitologia niższa, która na pewno części społeczeństwa może wydawać się dziwna","Tak, wiem jaką rolę odegrał w historii rodzimowierstwa","Tak, wiem jaką rolę odegrał w historii rodzimowierstwa","Tak, wiem jaką rolę odegrał w historii rodzimowierstwa","Tak, wiem jaką rolę odegrał w historii rodzimowierstwa","","Tak","Chrześcijaństwo ma inne parytety","Nie","Tak","Tak","Tak","Tak","Tak","Tak","wszystkich","Tak","Nie","Nie","Nie","Tak","partnerstwo","nie uważam","2","2",""
"2018/05/23 12:15:27 AM CET","25 - 34","Mężczyzna","woj. dolnośląskie","miasto, 51000 - 100000 mieszkańców","Nie uczestniczę w grupowych obrzędach","z książek, albo od znajomych, ciężko określić po latach","Ślężańscy","wiara w naturę, w Bogów naszych przodków. ","4","4","4","3","2","5","5","","politeista. ","Ogół - społeczeństwo uważa rodzimowierców za dziwnych, bo to nie dość że nie katolicyzm to nawet nie ateizm","Tak, wiem jaką rolę odegrał w historii rodzimowierstwa","Nie","Tak, nie wiem kim jest dla rodzimowierstwa","Nie","","Nie","Tak","Tak","Nie","Nie","Nie","Tak","Nie","Nie","Nie","Tak","Tak","Nie","nic na siłę","Tak","neutralne, albo przyjacielskie ","nie dla każdego. ","7","9",""
"2018/05/23 12:16:34 AM CET","25 - 34","Mężczyzna","woj. mazowieckie","miasto, 10000 - 50000 mieszkańców","1 - 2 lata","FBook","","Szukaniem siebie. korzeni. Sensu w naturze i jej cyklu.","4","5","4","3","4","5","5","","odmawiam","Mowienie o naturze jako czesci religii.","Nie","Nie","Nie","Nie","nie","Tak","Tak","Tak","Tak","Tak","Nie","Nie","Tak","Nie","Tak","Tak","Tak","Tak","Nie","Tak","koegzystencja przy zdrowej konkurencji
","Mozna siegnac w glab siebie, wyciszyc sie. poczuc wiez z tym co bylo i latwiej znalezc miejsce tutaj
","4","5",""
"2018/05/23 12:24:04 AM CET","Mniej niż 18 lat","Mężczyzna","woj. lubuskie","miasto, poniżej 10000 mieszkańców","Nie uczestniczę w grupowych obrzędach","Zaczęło się od muzyki zespołu Percival, która wpadła mi w ucho, chcąc dowiedzieć się czegoś o Bogach sięgnąłem po Gieysztora.","","Sam termin ""rodzimowierstwo"" do mnie nie trafia, wolę to nazywać po prostu wiarą w Bogów. Przechodząc do sedna, wiara w Bogów jest dla mnie źródłem siły wewnętrznej, oraz poczucia własnej wartości. Gdy ktoś się mnie pyta o to czy wierzę w Boga, a ja poprawiam tą osobę na Bogów i patrzy na mnie jak na idiotę nie czuję wstydu, lecz dumę ","4","3","5","1","3","2","4","","Niestety to pytanie jest dla mnie niezrozumiałe ","Według własnych obserwacji mogę powiedzieć, że dla społeczeństwa najdziwniejszy jest sam politeizm ","Nie","Nie","Nie","Nie","","Tak","Zależność odgrywają tu pojedyncze jednostki, oraz ich mentalność","Tak","Uważam, że powinno być to i to w odpowiednich proporcjach","Nie","Nie","Nie","Tak","Uważam, że pozwolenie na imigrację do Polski powinni mieć tylko i wyłącznie obywatele innych narodów Słowiańskich","Tak","Nie","Nie","Tak","Nie","Nie","Uważam, że lepiej jest się bratać, niż wybijać","Uważam, że wiara w Bogów mogłaby pozytywnie wpłynąć na styl życia społeczeństwa ","5","5",""
"2018/05/23 4:35:17 AM CET","18 - 24","Kobieta","woj. wielkopolskie","miasto, 10000 - 50000 mieszkańców","1 - 2 lata","Od chlopaka","Do Raroga ","To jest wiara jak każda inaa","4","4","4","4","2","4","5","","Panteizm połączony z politeizmem","Nie","Tak, nie wiem kim jest dla rodzimowierstwa","Nie","Nie","Nie","","Tak","Nie","Tak","Nie","Nie","Nie","Nie","Tak","Nie","Nie","Tak","Tak","Tak","Nie","Tak","Mogą współdziałać i żyć obok siebie","Bo to odejście do natury spokoju przeszłości i tego co bylo","6","6",""
"2018/05/23 4:49:10 AM CET","35 - 44","Kobieta","woj. pomorskie","miasto, 101000 - 300000 mieszkańców","3 - 5 lat","Internet","","Sposobem na życie i rozwój duchowy","5","5","5","4","5","5","5","","Jestem sobą","Forma obrzedow- składanie ofiar","Nie","Nie","Nie","Nie","","Tak","Nie","Tak","Nie","Nie","Nie","Nie","Nie","Nie","Tak","Tak","Tak","Tak","Nie","Nie","Współistnienie. Jeśli inni chcą wyznawać wymyślonych bogów, to ich wolna wola","Nie ma takiego lekarstwa","9","9","Jest ok"
"2018/05/23 6:20:13 AM CET","25 - 34","Mężczyzna","woj. kujawsko - pomorskie","miasto, 101000 - 300000 mieszkańców","10 - 15 lat","Z internetu","","Sposobem na współistnienie z ludźmi, duchami i Bogami.","5","5","5","2","4","5","5","","Politeizm","Wiara w wielu Bogów nie zawsze jest traktowana poważnie w społeczeństwie przeżartym monoteizmem","Tak, wiem jaką rolę odegrał w historii rodzimowierstwa","Tak, wiem jaką rolę odegrał w historii rodzimowierstwa","Tak, wiem jaką rolę odegrał w historii rodzimowierstwa","Tak, wiem jaką rolę odegrał w historii rodzimowierstwa","","Tak","Nie","Nie","Trzeba znaleźć równowagę między obydwiema pozycjami","Tak","Nie","Nie","Nie","Nie","Tak","Tak","Nie","Tak","Tak","Nie","Współpraca z innymi ""poganami"" i koegzystencja z religiami abrahamicznymi","Raczej nie.","9","4",""
"2018/05/23 6:23:32 AM CET","18 - 24","Kobieta","woj. warmińsko - mazurskie","miasto, 51000 - 100000 mieszkańców","5 - 10 lat","W trakcie poszukiwania duchowego","Rodzima Wiara","Jest to religia politeistyczna, której nauka przykłada bardzo dużą wagę do dbania o Ziemię, po której stąpamy, o rodzinę, którą mamy, ale też o każdego innego człowieka i istotę żywą. (Celowo pomijam fakt boski, bo Bogów przypisuję do wiary, a wiarę oddzielam od religii jako pojęcia)","5","5","4","3","5","5","3","","Jestem politeistą. Wierzę w spersonifikowanych Bogów.","W zasadzie to sama świadomość wielu osób, że jestem innej religii niż monoteistyczna wzbudza ""dziwność"". W środowisku rodzimowierczym mogę mieć niezaakceptowany pogląd, że Przodkiem nie musi być koniecznie Przodek z krwi i kości, ponieważ mam wrażenie, że dusze żyją jakąś inną zasadą i potrafią przemieszczać się do kolejnego życia nie w samym obrębie jednej rodziny biologicznej. Co jest niezgodne z treścią, jaką niesie religia słowiańska. Jednakże to co zaznaczyłam wcześniej - religia a wiara to dwie różne rzeczy","Nie","Tak, nie wiem kim jest dla rodzimowierstwa","Tak, nie wiem kim jest dla rodzimowierstwa","Nie","","Mam mieszane uczucia, bo na pewno ubogi nie jest, ale też bardzo bogaty nie. Obecnie raczej jest w etapie wzrostu rozwoju duchowego, szczególnie u młodych ludzi.","Wszystko zależy od ludzi, jak będą się wzajemnie traktować. Jeśli w sercu gości strach, niechęć, nietolerancja do inności - to wojny będą. I to nie tylko między religiami. Widzę wrogie nastawienie między chrześcijaństwem a rodzimowierstwem, ale też w poszczególnych religiach widzę jak ludzie potrafią się żreć.","Tak","Uważam, że religia niesie jedne, niezmienne wartości. Ale rozwój poszczególnych jednostek jest zupełnie inny i jeśli zostaje spełniona podstawa łącząca wiarę z religią, to uważam, że jest to prawidłowe. Wszystko musi być zrównoważone, zbytni konserwatyzm i zbytnia liberalizacja dobra nie jest.","Tak","Tak","Ciężko mi się o tym wypowiedzieć... ponieważ jak wspominałam - czuję, że dusze nie krążą w obrębie jednej biologicznie krewnej rodziny, więc nie potrafię powiedzieć - ""nie, nie masz prawa być rodzimowiercą, bo nie masz z nami nic wspólnego"", bo może jego Dusza kiedyś miała i zatęskniła?","Wszystko, co jest przesadzone - jest złe. ","Myślę, że tu raczej powinniśmy patrzeć na to, dlaczego dany człowiek chce do nas trafić. Tak jak Polacy wyjeżdżają za chlebem, tak niektórzy szukają bezpieczeństwa (czy materialnego, czy psychicznego, itd.) za granicami swojego kraju. ","Zależy od tego, czy dana grupa będzie nam zagrażać. ","Tak","Ogólnie rodzimowiercy są raczej przeciwni takim ruchom (przynajmniej tych, których znam). Migracja czasem jest niezbędna, więc jej nie potępiam, choć smutno, kiedy człowiek jest zmuszony do takich kroków. Ruchem LGBT uważam za szkodliwy. Nie dlatego, że mam coś do homoseksualistów (jest naukowo wykazane, że to zależy w dużej mierze od budowy mózgu - u zwierząt też to występuje), ale sam ruch jest na tyle agresywny, że robi szkody przede wszystkim homoseksualistom, którzy chcą żyć jak na normalnych ludzi przystało, a nie krzyczeć ""Patrz, jestem homo, MUSISZ to zaakceptować!"" i w pewnym momencie odbieram to jako atak już na hetero, których chcą zniżyć do kogoś gorszego.","Tak","Nie","Tak","Na pewno tolerancja. Tolerancja na to, że ktoś wierzy w coś innego. Szczególnie, że uważam, że wszystkie religie czczą ten sam element, tylko w zrozumiały dla siebie sposób.","Nie jestem w stanie na to odpowiedzieć.","5","5","10-15min, które podałeś na grupie wyniosło mnie ponad 30min ;) "
"2018/05/23 6:25:56 AM CET","25 - 34","Mężczyzna","woj. warmińsko - mazurskie","miasto, 101000 - 300000 mieszkańców","10 - 15 lat","Z Internetu ","Rodzima wiara","Odnajdywaniem swojego miejsca w kołowrocie Przyrody, rzece pokoleń i kieracie dziejów.","5","5","5","5","5","5","4","","Politeizm z zastrzeżeniem, że natura boska jest dla ludzi niepoznawalna.","Politeizm w Europie nie jest w cenie, podobnie ludowa otoczka i obrzędowość. Sam rodzimowierczy ogląd świata (cyklicznosc, inne spojrzenie na dobro i zło itd.) jest dla wielu ludzi dziwny i nienaturalny.","Tak, wiem jaką rolę odegrał w historii rodzimowierstwa","Tak, wiem jaką rolę odegrał w historii rodzimowierstwa","Tak, wiem jaką rolę odegrał w historii rodzimowierstwa","Tak ale ten człowiek nie ma nic wspólnego z rodzimowierstwem.","Stanisław Potrzebowski","Tylko świat anglosaski i germański.","Nie, bo sa przykłady wspólnych działań przeciwko moralnej zgniliznie i upadkowi.","Poświęca dużo ale w zły sposób i robią to zli ludzie (realizacja partykularnych interesów politycznych pod przykrywką ekologii, wybiórczość).","Tak","Tak","Tak","Tak","Tak","Tak","Tak","Tak","Rodzimowierstwo i LGBT wzajemnie się wykluczają. Migracja to złożona kwestia. ","Kto czci i realizuje ich archetypiczne wzorce lub przynajmniej stara się to robić gdyż jest to podstawa oddania Bogom czci. ","Tak","Tak","Życzliwa neutralność z religiami abrahamowymi; życzliwa wymiana doświadczeń z podobnymi religiami nieindoeuropejskimi; ścisła współpraca z podobnymi religiami indoeindoeuropejskimi.","Przywraca człowiekowi jego miejsce w kole przyrody i dziejów, wskazwskazuje naturalny, prawidłowy kierunek rozwoju duchowego, społecznego i biologicznego. ","5","1","sprzedam gumowe dinozaury"
"2018/05/23 6:26:25 AM CET","35 - 44","Mężczyzna","woj. mazowieckie","miasto, powyżej 300000 mieszkańców","1 - 2 lata","Z internetu","","Religią","5","4","4","3","5","4","4","","Politeistą","Politeizm","Nie","Tak, wiem jaką rolę odegrał w historii rodzimowierstwa","Tak, nie wiem kim jest dla rodzimowierstwa","Tak, wiem jaką rolę odegrał w historii rodzimowierstwa","","Tak","Nie","Nie","Tak","Tak","Tak","Tak","Tak","Nie","Tak","Tak","Nie","Nie","Nie","Tak","Zależnie od wyznania","Tak, przywraca dawne wartości w zdegenerowanym świecie","5","3",""
"2018/05/23 7:00:45 AM CET","25 - 34","Mężczyzna","woj. śląskie","miasto, 101000 - 300000 mieszkańców","5 - 10 lat","internet","ZWRP RÓD","Wolnością","5","5","5","5","5","5","4","","politeista","jeżeli chodzi o społeczeństwo rodzimowiercze to nie. Jeżeli chodzi o całości społeczeństwa to uważam że wszystko co jest moją wiarą jest dla nich dziwne. ","Tak, wiem jaką rolę odegrał w historii rodzimowierstwa","Tak, wiem jaką rolę odegrał w historii rodzimowierstwa","Tak, nie wiem kim jest dla rodzimowierstwa","Tak, wiem jaką rolę odegrał w historii rodzimowierstwa","Gieysztor, Moszyński, Fisher, Kolberg","Tak","Nie","Nie","Nie","Nie","Nie","Tak","Tak","nie za wszelką cenę, lecz cenne jednostki mogą być potrzebne.","Tak","Tak","Nie","Nie","Nie","Tak","Debata i ustalenie wspólnego działania. ","nie posiadam zdania","8","5",""
"2018/05/23 7:40:50 AM CET","45 - 54","Kobieta","woj. świętokrzyskie","miasto, 101000 - 300000 mieszkańców","3 - 5 lat","Metal - folk metal - Viking metal - mitologia nordycka - mitologia słowiańska - rodzimowierstwo - ","","Pierwotną, naturalną, przyrodzoną religią moich przedchrześcijańskich przodków.","5","5","5","5","5","3","3","","Jestem politeistką, przywiązaną do jednego konkretnego boga, którego, w swojej osobistej obrzędowości, wywyższam nad innymi. Jednak, innych bogów również szanuję, oddaję im cześć i składam ofiary. ","Przede wszystkim sam fakt, że nie wyznaję ""powszechnie obowiązującej"" religii, jaką jest na naszym terenie Katolicyzm. Znakomita większość Polaków nie ma najmniejszego pojęcia o istnieniu rodzimowierstwa. Część z nich ma niewielką wiedzę o mitologii słowiańskiej, na zasadzie - dawniej Słowianie wierzyli w jakichś bogów, no ale to była fałszywa religia, pogaństwo, które zostało wyparte przez Chrześcijaństwo. Osoby, z którymi się stykam i które znają mój światopogląd, nie komentują go, prawdopodobnie nie chcąc robić mi przykrości, ale mam wrażenie, że w duchu dziwią się, jak mogę wierzyć w ""takie bajki"". ","Tak, nie wiem kim jest dla rodzimowierstwa","Tak, wiem jaką rolę odegrał w historii rodzimowierstwa","Nie","Nie","","Tak","Być może w przyszłości, w konfrontacji z Islamem, możliwe stanie się sprzymierzenie Chrzescijaństwa z innymi mniejszościami religijnymi istniejącymi na terenie Polski, aby wspólnymi siłami bronić polskości. ","Tak","Tak","Tak","Tak","W szczególnych, uzasadnionych przypadkach powinno to być możliwe. ","Tak","Na pewno islamskich, natomiast co do innych - powinno się zezwalać, pod ścisłą kontrolą. ","Nie rozumiem pytania - pytanie odnośnie konkretnych narodowości lub wyznań byłoby zasadne, natomiast grupy społeczne - ?","Tak","Nie","W pewnych sytuacjach, dopuszczałabym wyjątki osób o niesłowiańskim pochodzeniu.","Nie","Tak","Ścisła współpraca z innymi politeizmami, ostrożna z rodzimym katolicyzmem. Co do innych wyznań - zależy od danej sytuacji. ","W taki sam sposób, jak każda religia rozumiana jako podpora duchowa - nadająca życiu sens, pomagająca w ciężkich chwilach. Prowadzenie prawego życia według wyznawanych zasad jako przykład dla innowierców. ","5","5",""
"2018/05/23 7:48:10 AM CET","35 - 44","Kobieta","woj. kujawsko - pomorskie","wieś","3 - 5 lat","z internetu, książek","KR","wiarą, wspólnotą z innymi ludźmi, sposobem na uzupełnienie siebie","4","4","4","3","3","4","4","","politeistka","Przez społeczeńswo poza rodzimowierstwem - prawie wszystko ;) Przez społeczność rodzimowierczą - to, że nie do końca jestem przekonana do wiary w bogów osobowych, dla mnie granica jest jednak płynna. ","Nie","Tak, nie wiem kim jest dla rodzimowierstwa","Tak, nie wiem kim jest dla rodzimowierstwa","Tak, wiem jaką rolę odegrał w historii rodzimowierstwa","Gieysztor","Tak","Nie","Nie","to drażliwy temat... liberalizm polityczny - tak, ale nie we wszystkich aspektach życia bym go popierała; absolutnie nie sądzę, by należało iść w ""lewą"" stronę ","na ziemiach słowiańskich - tak, bogów słowiańskich... ale rodzimowiercą jest wg mnie każdy, kto czci bogów ze swoich terenów","Nie","Nie","jeśli pod konsumpcjonizm podciągać też korzystanie z najnowszych technik, zdobyczy cywilizacji w dobrym celu, to absolutnie nie jest to złe, bo niby dlaczego","Nie","Tak","Nie","Nie","Tak","Tak","Tak","Próba kompromisu, dialog","Dla niektórych osób na pewno. Pomaga znowu zbliżyć się do naszej kultury, otrząsnąć z tego, czym bombarduje nas świat ""zachodni"" szeroko rozumiany, wyciszyć się","5","5",""
"2018/05/23 7:50:57 AM CET","25 - 34","Mężczyzna","woj. pomorskie","miasto, 101000 - 300000 mieszkańców","10 - 15 lat","O mitologii Słowian z przypadkowo wypożyczonego za gimnazjum Gieysztora, o rodzimowierstwie z internetu.","Jantar","Sposobem na życie. Moją wiarą. Tym, co pomaga mi zrozumieć świat.","5","5","5","5","5","4","5","Skala od 1 do 5 wydaje mi się zbyt rozbudowana do tych pytań. Zaznaczyłem 5, bo zgadzam się z tymi stwierdzeniami. W pytaniu 6. zaznaczyłem 4, bo uważam, ze wpływ duchów zmarłych mimo iż jest obecny to nie jest decydujący, wobec wpływu Bogów na świat.","Animistą - wierzę w wielu Bogów, ale uważam Ich za podobne innym duchy Przyrody - tyle że znacznie starsze, mądrzejsze i silniejsze od pozostałych.","1. Sam fakt odżegnywania się od chrześcijaństwa, 2. Fakt składania ofiar podczas obrzędów, 3. Wyeksponowany w religii rodzimej aspekt seksualny. 4. Przekonanie o możliwości bezpośredniego kontaktu z sacrum. ","Tak, wiem jaką rolę odegrał w historii rodzimowierstwa","Tak, wiem jaką rolę odegrał w historii rodzimowierstwa","Tak, wiem jaką rolę odegrał w historii rodzimowierstwa","Tak, wiem jaką rolę odegrał w historii rodzimowierstwa","","Może nie tyle świat jest ubogi duchowo, co współczesne społeczeństwo jest nastawione bardziej racjonalno-materialistycznie do świata.","Tak","Tak","Tak","Jeżeli ma pochodzenie mieszane i obok Bogów Słowiańskich czci i tych właściwych dla drugiego etnosu to w porządku - tylko wtedy nie jest rodzimowiercą słowiańskim, a np. słowiano-greckim czy innym.","Nie","Nie","Tak","Nie","Tak","Tak","Trochę zbyt ogólne pytanie i próba wrzucenia wszystkiego do jednego worka. Migracje - Słowianie sami dużo migrowali, więc odpowiedź jest chyba oczywista. LGBT - z biologicznego punktu widzenia są to zjawiska nieproduktywne; o ile LGBT nie afiszują się ze swoją orientacją to mogą być. Nie powinny być im jednak np. udzielane swadźby.","Nie. Wielkolechici czy trehlebowedyjczycy też twierdzą, że czczą Bogów słowiańskich.","Powinno. Poprzez dążenie do zachowania i rozwijania rodzimej wiary i tradycji oraz dbałości o swój etnos i Przyrodę.","Tak","Z innymi etnicznymi politeizmami/animizmami - przyjazne. Z pozostałymi religiami - neutralne.","Tak. Poprzez zawartą w rodzimowierstwie świadomość współodpowiedzialności człowieka za otaczający go świat oraz przywiązanie do swoich korzeni duchowych.","8","3","Przygotowuj pytania szybciej i nie staraj się wrzucać zbyt wielu różnych zagadnień do jednego woroka (migracja + LGBT)"
"2018/05/23 7:51:37 AM CET","35 - 44","Mężczyzna","woj. kujawsko - pomorskie","miasto, 101000 - 300000 mieszkańców","5 - 10 lat","internet","Żertwa","Wiarą w rodzimych Bogów i wartościami rodzinnymi i przynależnością kulturową","5","5","5","2","5","5","5","","Politeistą","Wiara w wielu Bogów i odprawiane obrzędy.","Tak, wiem jaką rolę odegrał w historii rodzimowierstwa","Tak, wiem jaką rolę odegrał w historii rodzimowierstwa","Nie","RKP działa bardziej na szkodę niż rozwój rodzimowierstwa","","Tak","To jest zależne od ludzi, tak z jednej jak i drugiej strony","Tak","Nie","Nie","Nie","Może, jeżeli czuję się związany z miejscem i Bogami, to dlaczego mu tego zabronić?","Nie","Nie","Tak","Tak","Tak","wyłączając"" turbolechitów""","Nie","zależy co rozumiemy poprzez""społeczną zgniliznę""","neutralne","nie uważam. Wiara to prywatna sprawa każdej osoby","5","5",""
"2018/05/23 7:59:39 AM CET","35 - 44","Kobieta","woj. pomorskie","miasto, 10000 - 50000 mieszkańców","10 - 15 lat","Były mąż mnie wciągnął","Rodzima wiara","W zasadzie jestem ateistką, ale  rodzimowierstwo wypełnia potrzebę misterium, wspólnoty, obrzedowosci, duchowości, jest też wyrazem szacunku do tradycji słowiańskich ","2","4","3","3","4","4","4","","Panteistka","Samo uczestnictwo w obrzędach jest uznawane za niepoważne ","Tak, wiem jaką rolę odegrał w historii rodzimowierstwa","Nie","Tak, wiem jaką rolę odegrał w historii rodzimowierstwa","Nie","","Tak","Tak","Tak","Nie","Nie","Nie","Nie","To nie jest takie proste, nie umiem odpowiedzieć na tak postawione pytanie","Nie","Tak","Tak","Tak","Tak","Zależy o jakiego rodzaju wpływ chodzi. Ale np do polityki nie powinno się mieszać ","Niech zacznie od własnych szeregów","Tolerancja i wzajemny szacunek","Znowu, pytanie zbyt ogólne, na pewno są osoby, dla których tym właśnie jest, dla innych to po prostu wyraz przekonań, a dla innych po prostu zabawa","6","7",""
"2018/05/23 8:30:53 AM CET","45 - 54","Mężczyzna","woj. świętokrzyskie","miasto, 101000 - 300000 mieszkańców","1 - 2 lata","Nie pamiętam. Pewnie z Internetu.","Gontyna","Sposobem na interesujące spędzanie czasu w gronie ciekawych ludzi.","2","2","2","1","4","2","1","","Agnostyk","Raczej nie :-)","Tak, wiem jaką rolę odegrał w historii rodzimowierstwa","Nie","Nie","Nie","","Tak","Chrześcijaństwo już raczej straciło zęby i nie wygląda, żeby je miało odzyskac.","Nie","Nie","Tak","Nie","Nie","Nie","Nie, ale powinna być kontrolowana.","Tak. Żadnych muzułmanów.","Tak","Tak","Tak","Tak","Nie","Tolerancja","Raczej nie.","5","7",""
"2018/05/23 8:36:31 AM CET","25 - 34","Mężczyzna","woj. mazowieckie","miasto, powyżej 300000 mieszkańców","5 - 10 lat","Z internetu.","--- (lokalna wspólnota warszawska - Grupa WiD)","Rodzimowierstwo (politeizm słowiański) jest dla mnie ścieżką życia i opisem rzeczywistości.","5","5","5","1","4","5","4","Uznaję, że dusza jest jedna, a dwa wyraje (ptasi i wężowy) ""wymuszające"" wiarę w kilka dusz, to efekt późnego podziału wynikającego z wpływu chrześcijaństwa (niebo i piekło), co wyjaśnia Borys Uspienski w książce ""Kult św. Mikołaja na Rusi"". Zaświaty (Nawia, Wyraj) mają różne poziomy, ale są jedną ""krainą"". Dusza jest jedna, choć sama w sobie składa się z różnych części (jaźń, cień itd. - za Kazimierzem Moszyńskim). W wierzeniach ludowych osoba o dwóch duszach to upiór, co wskazuje na błędność założenia o wielu duszach jako sytuacji standardowej.","Jestem politeistą wierzącym w Bogów osobowych, duchy przyrody (niewywodzące się z dusz ludzkich) oraz dusze ludzi (w tym przodkowie). Jestem czuwarem (nazwa od nocnych czuwań) i w ramach swojej wspólnoty mam za zadanie zadbać o właściwe odpowadzenie zmarłych rodzimowierców do Zaświatów. ","Myślę, że ogół społeczeństwa traktuje całość rodzimowierstwa jako dość dziwne hobby często, nawet nie wiarę jako taką. Długo by więc wymieniać to, co ""dziwne"".","Uznaję go za pierwszego rodzimowiercę po epoce chrystianizacji. Jego myśl w czasach w których żył, była przełomowa i mógł stanowić inspirację dla osób poszukujących rodzimej duchowości. Uznaję go za bardzo ważną postać w historii odrodzenia rodzimowierstwa.","Stachniuk był ateistą i inspiratorem Zadrugi. Część rodzimowierców identyfikuje się z jego doktryną polityczną, niemniej trudno mi wskazać jakiś wyraźny pozytywny wpływ na rodzimowierstwo w Polsce. Zasłynął ze zdania ""Bałwany pozostawmy bałwanom"" i bardzo płytkiego wykorzystywania sfery duchowej Słowian do propagacji antyklerykalizmu.","Nie"," Jako zadeklarowany monoteista odegrał rolę w założeniu RKP i nadaniu mu specyficznego charakteru związanego z ezoteryk, psychotroniką i multikulturalizmem, który choć ""zmiękczony"" przez następców, nadal jest zauważalny. Świętowita utożsamił z Jahwe i Allahem, co jest niedopuszczalne dla wielu rodzimowierców. Pomimo to byłem obecny na jego pogrzebie i doceniam jako udział w Powstaniu Warszawskim.","Mogę wymienić obecnie działających żerców o największym stażu: Tomasz ""Poświst"" Rogaliński z Kielecczyzny działający od końca lat 70., Rafał Merski działający od wielu lat i zmierzający do wybudowania świątyni we Wrocławiu, Marcin ""Wojnar"" Sadowski prowadzący od lat mazowiecki oddział ZW ""Rodzima Wiara"" oraz żerca mojej wspólnoty Witt ""Wilczyn"" Wilczyński, który prowadzi Grupę WiD od 2006 roku i niemal wyłącznie dzięki niemu wciąż wydawane jest czasopismo ""Gniazdo - rodzima wiara i kultura"".","Tak","Tak","Tak","Tak","Zasadniczo tak. Jeśli ktoś to ma podejście eklektyczne, to powinien się jasno określać np. rodzimowiercą słowiańsko-germańskim, aby zachować właściwe nazewnictwo.","Historia pokazuje, że tak się często nie dzieje w skutek zawieruch dziejowych.","Jeśli pochodzenie jest częściowo słowiańskie, a częściowo niesłowiańskie, to uważam, że ma prawo być rodzimowiercą słowiańskim. Jeśli od trzech pokoleń nie posiada się krwi słowiańskiej, to uważam utożsamianie się z rodzimowierstwem słowiańskim za co najmniej nieprawidłowe. Nie mam natomiast nic przeciwko udziałowi osób obcego pochodzenia na obrzędach rodzimowierczych (zwłaszcza jeśli reprezentują inne politeizmy) pod warunkiem, że szanują rodzimą wiarę Słowian i mir obrzędowy.","Tak","Imigracja obcokrajowców wyznających agresywne odmiany monoteizmu powinna zostać zatrzymana za wszelką cenę, gdyż przykłady z całego świata pokazują, że na przyjmowaniu ich cierpią obywatele państw przyjmujących, a mniejszość ta jest skrajnie agresywna i nie szanuje gospodarzy.","Tak","Tak","Rodzimowierstwo wejdzie w konflikt z imigrantami agresywnie głoszącymi monoteizm. To kwestia czasu. Ruchy LGBT i rodzimowierstwo nie mają moim zdaniem punktów stycznych, aby się skonfliktować, o ile obie strony nie zaczną obrażać się nawzajem.","Rodzimowierstwo jako ruch społeczny musi wymagać pewnych norm postępowania, więc sam kult Bogów słowiańskich to może być za mało, jeśli ktoś np. stale zachowuje się po chamsku. Nie widzę jednak problemu, aby osoby nie umiejące się podporządkować fundamentalnym normom koegzystencji praktykowały rodzimowierstwo indywidualnie, bez obecności na obchodach gromadnych.","Rodzimowierstwo powinno oddziaływać na płaszczyzny żywotnie związane z jego trwaniem i rozwojem (np. ochrona przyrody), ale nie powinno stanowić ideologii totalnej chcącej podporządkowywać sobie każdy aspekt życia jednostek i społeczeństw, jak często czynią to monoteizmy dla celów politycznych.","Nie jestem w stanie odpowiedzieć na to pytanie bez zdefiniowania określenia ""zgnilizna"".","Relacje powinny odbywać się na równych prawach, czyli przyjaźnie z wyznaniami, które nie dążą do zwalczania nas, natomiast z dużą dozą dystansu oraz nieufności względem wyznań nam wrogich. Zarazem jako mniejszość bardzo musimy się wystrzegać wplątywania w konflikty międzywyznaniowe, nawet gdy czynione są względem nas rozmaite prowokacje.","Przywiązanie do ziemi, języka, historii i rodziny może stanowić odpowiedź na degradację przyrody, niską dzietność Europejczyków autochtonicznych i utratę tożsamości wskutek globalizacji. Jest to jednak możliwe tylko pod warunkiem stania się inspiracją dla znacznej części ludności, co jest niezwykle trudne do osiągnięcia.","5","3","Pytanie o społeczną ""zgniliznę"" może podlegać zbyt wielu interpretacjom odpowiadających. Poza tym ankieta dobra."
"2018/05/23 8:37:10 AM CET","25 - 34","Mężczyzna","woj. małopolskie","miasto, powyżej 300000 mieszkańców","5 - 10 lat","Od innych ludzi","Konfederacja Rodzimowiercza","Kontynuacją wiary naszych przodków","5","5","5","1","1","5","5","","Politeista","Wiara w wielu bogów którzy są bytami osobowymi.","Tak, wiem jaką rolę odegrał w historii rodzimowierstwa","Tak, wiem jaką rolę odegrał w historii rodzimowierstwa","Tak, wiem jaką rolę odegrał w historii rodzimowierstwa","Tak, wiem jaką rolę odegrał w historii rodzimowierstwa","","Tak","Tak","Tak","Tak","Tak","Tak","Tak","Tak","Tak","Tak","Tak","Nie","Nie","Nie","Tak","Neutralne nie widzę na razie chęci współpracy i ekceptacji u innych wyznań. Na razie rodzimowierstwie jest bardzo marginalne i raczej nie jest traktowane jako poważne wyznanie.","Owszem jest powrotem do korzeni i pewnych konserwatywnych wartości których brakuje w dzisiejszym społeczeństwie.","9","1",""
"2018/05/23 8:53:26 AM CET","45 - 54","Mężczyzna","woj. małopolskie","miasto, 51000 - 100000 mieszkańców","Nie uczestniczę w grupowych obrzędach","Od babci","Nie koniecznie ","Moją wiarą i dziedzictwem","5","5","5","5","5","5","5","","Nie mogę zdefiniować wiary w kryteriach. ","Tak bo społeczeństwo było i jest manipulowanie przez mafie monoteistyczne ","Tak, nie wiem kim jest dla rodzimowierstwa","Nie","Nie","Nie","","Tak","Tak","Tak","Tak","Tak","Tak","Nie","Tak","Tak","Tak","Tak","Tak","Tak","Nie","Tak","Powinno uświadamiać, że matka ziemia jest najwazniejsza. ","Powrót do natury i ziololecznictwa. ","2","4",""
"2018/05/23 9:06:50 AM CET","35 - 44","Kobieta","woj. małopolskie","wieś","więcej niż 15 lat","Z kwartalnika religioznawczego ""NOMOS"" i demówek zespołu Graveland ;)","Konfederacja Rodzimowiercza","Stylem patrzenia na świat i funkcjonowania w nim","3","5","5","5","4","5","4","","Bardziej przeżywam Wiarę niż ją klasyfikuję (bardziej doświadczam Bogów niż zastanawiam się nad kwestiami ontologicznymi - interesuje mnie to, co się dzieje, a nie to, czy jestem w stanie jako człowiek objąć to umysłem).","Głęboka duchowość kierująca całym życiem w czasach materializmu, brak dogmatów i skupienia się na kwestiach ontologicznych.","Tak, wiem jaką rolę odegrał w historii rodzimowierstwa","Tak, wiem jaką rolę odegrał w historii rodzimowierstwa","Tak, wiem jaką rolę odegrał w historii rodzimowierstwa","Tak, wiem jaką rolę odegrał w historii rodzimowierstwa","Wielu ludzi odegrało ważne role, choć nie zawsze ich postaci muszą się nam podobać.","Raczej zagubiony i przesycony wieloma negatywnymi ideami.","Tak","Tak","Powinno się wymykać takim kategoriom.","*rodzimowiercą słowiańskim, nie rodzimowiercą w ogóle","Nie","Nie","Tak","Nie","Tak","Tak","Może wchodzić, nie z całością tych zjawisk, ale z niektórymi prądami i działalnością części osób (np. nadmierna migracja osiedleńcza z krajów niesłowiańskich może prowadzić do zanikania zwyczajów słowiańskich).","Tak, z wyjątkiem osób, które mogą stanowić zagrożenie dla wspólnoty (np. osoba agresywna, z niektórymi zaburzeniami osobowości, nieskruszony przestępca itp.)","Nie","Tak","Jak najbardziej pokojowe. Rodzimowiercy są tak nieliczną grupą, że muszą stawiać przede wszystkim na przetrwanie swojej wiary.","Nie uważam tak, byłoby to naiwnością. W społeczności rodzimowierczej jest tyle samo zła, co wśród innych ludzi. Rodzimowierstwo ma bardzo dobry potencjał, ale ludzkie przywary zawsze będą silniejsze.","3","5","Twoja ankieta jest o wiele lepsza niż inne ankiety studenckie, dlatego ją wypełniłam. Może nie zdążyłeś przygotować się jakoś specjalnie do niej, ale Twoje ogólne przygotowanie merytoryczne sprawiło, że pytania rzeczywiście odnoszą się do meritum. Mam wrażenie, że wyniki częściowo mają pokazać, iż nie jesteśmy wielbłądami. Powodzenia :)"
"2018/05/23 9:57:32 AM CET","25 - 34","Kobieta","woj. kujawsko - pomorskie","miasto, poniżej 10000 mieszkańców","mniej niż 1 rok","Od brata ","","Powrotem, harmonią, ","3","4","4","3","2","5","2","","Sama nie wiem jak to opisać, praca magisterska bo z tego wyszła :)  hyba najbliżej mi do politeisty i animisty :) ","Tak, ludzi mogą dziwić rozmowy bez udziału drugiego człowieka lub stawianie pokarmu dla domowika.","Tak, wiem jaką rolę odegrał w historii rodzimowierstwa","Nie","Tak, wiem jaką rolę odegrał w historii rodzimowierstwa","Tak, nie wiem kim jest dla rodzimowierstwa","","Tak","Zależy jak wielką wagę ktos zwraca na wiarę innych. Na przykładzie: mojej siostrze wisi że ona izie do kościoła a ja do lasu - każdy wierzy w vo uważa, natomiast dziadek najlepiej zamknął by mnie w piwnicy i odprawił egzorcyzmy :) ","Tak","Musi dostosowywac się do świata. Nadmierny konserwatyzm jest widoczny w chrześcijaństwie, a świat i nauka idą do przodu.  ","Nie","Tak","Nie mam wyrobionego zdania, sama nie wiem vo w tym temacie myśleć ","Tak","Nie","Tak","Tak","Tak","To powtorzenie pytania czy osoba bez powodzenia słowiańskiego może być rodzimowierca. Może jeśli np rodzice z Ameryki mieszkają na ziemiach slowianskich i dziecko rodzi się tu to wg mnie ma już pochodzenie słowiańskie. W odwrotnym wypadku tez.","Nie","Tak jeśli szkodzi społeczeństwu. Jezeli nie wychodzi to poza myśli czy przekonania , to trzeba dać żyć innym tak jak chcą.","Takie jak dawniej. Trzeba się bronić gdy atakują ale jeżeli można żyć w zgodzie to dlaczego nie","Ochrona przyrody wiąże się ze zdrowiem, nikt nie zmusza do niczego, życie rodzimowiercy wydaje mi się spokojniejsze choćby wewnętrznie, radosniejsze, a mowie na własnym przykładzie bo przeszłam na rodzimowierstwo w wieku 25 lat :)","5","5",""
"2018/05/23 10:04:19 AM CET","45 - 54","Mężczyzna","woj. mazowieckie","wieś","więcej niż 15 lat","Własne poszukiwania","Rodzimy Kościół Polski","Wiara i filozofia życiowa","3","4","5","5","5","4","4","Wierzę w Bogów nie będących istotami osobowymi w odniesieniu ludzkiego rozumienia tego terminu. ","Henoteista, Panteista","Raczej nie","Tak, nie wiem kim jest dla rodzimowierstwa","Tak, nie wiem kim jest dla rodzimowierstwa","Tak, nie wiem kim jest dla rodzimowierstwa","Tak, nie wiem kim jest dla rodzimowierstwa","Ratomir Wilkowski, glóny żerca i obecnie członek Rady RKP","Nie","Tak","Tak","Nie","Nie","Nie","Nie","Nie","Nie","Tak","Tak","Tak","Tak","Nie","Tak","Każde powinno się zająć wyłacnzie swoimi wiernymi, wszystkie powinny mieć dokłądnie takie same prawa. ","Tak. Jest naturalne.","5","6",""
"2018/05/23 10:06:51 AM CET","18 - 24","Kobieta","woj. kujawsko - pomorskie","miasto, 51000 - 100000 mieszkańców","3 - 5 lat","Nie pamiętam.","Konfederacja","Rodzimowierstwo, inymi słowy rodzima wiara. Jest to wiara politeistyczna. Rodzimowierca składa Bogom tych ziem ofiary. Obcuje z nimi nie tylko od święta.","5","5","5","5","5","5","5","","Wierzę w wielu Bogów personalnych, jednocześnie każdy z nich jest dla mnie równie ważny. Uważam, że każda żywa istota ma duszę.","Nie obchodzi mnie opinia społeczeństwa.","Tak, wiem jaką rolę odegrał w historii rodzimowierstwa","Tak, wiem jaką rolę odegrał w historii rodzimowierstwa","Tak, wiem jaką rolę odegrał w historii rodzimowierstwa","Tak, wiem jaką rolę odegrał w historii rodzimowierstwa","","Tak","Nie","Tak","Tak","Tak","Nie","Nie","Nie","Nie","Tak","Tak","Nie","Tak","Nie","Tak","Rodzimowierstwo nie potrzebuje zbędnych konfliktów. Musimy też pamiętać o tym, by nie dać sobie wejść na głowę.","I tak i nie.","9","2",""
"2018/05/23 10:20:17 AM CET","18 - 24","Mężczyzna","woj. mazowieckie","miasto, poniżej 10000 mieszkańców","mniej niż 1 rok","z internetu","RKP","Rodzimowierstwo jest dla mnie wiarą którą poszukiwałem od kilku lat zahaczając pod drodze wiele innych Religi które jednak nie dawały mi poczucia spełnienia potrzeb duchowych.","4","4","3","5","5","4","3","","politeistą z elementami panteizmu","Moim zdaniem większość społeczeństwa polskiego nie jest wstanie sobie zrozumieć tego że moździerzowcy na prawdę mogą wierzyć w wiarę przedchrześcijańskich Słowian ","Tak, wiem jaką rolę odegrał w historii rodzimowierstwa","Tak, wiem jaką rolę odegrał w historii rodzimowierstwa","Tak, wiem jaką rolę odegrał w historii rodzimowierstwa","Tak, wiem jaką rolę odegrał w historii rodzimowierstwa","","Tak","Tak","Tak","Nie","Nie","Nie","Nie","Nie","Nie","Tak","Tak","Tak","Tak","Nie","Tak","jedynie dyskusja na tematy związane z wiarą z zachowaniem szacunku do wiary innych osób.","moim zdaniem nie stanowi ","9","7",""
"2018/05/23 10:24:59 AM CET","25 - 34","Mężczyzna","woj. warmińsko - mazurskie","miasto, powyżej 300000 mieszkańców","3 - 5 lat","Google naszym przyjacielem.","","Szacunek do korzeni i tradycji.","5","5","5","5","5","5","5","","Pandeista","Moze. Przewaznie obrzędy i swiatopogląd, szacunek do natury.","Tak, wiem jaką rolę odegrał w historii rodzimowierstwa","Tak, wiem jaką rolę odegrał w historii rodzimowierstwa","Tak, wiem jaką rolę odegrał w historii rodzimowierstwa","Tak, wiem jaką rolę odegrał w historii rodzimowierstwa","","Tak","Tak","Tak","Tak","Tak","Tak","Tak","Tak","Za wyjątkiem Polakow z Kresow.","Za wyjątkiem Polakow z Kresow.","Tak","Nie","Nie","Nie","Tak","Wzajemny szacunek.","Powrot do korzeni i tradycji leczy duszę.","1","1","Malo pytan o nacjonalizmie."
"2018/05/23 10:36:20 AM CET","45 - 54","Mężczyzna","woj. śląskie","miasto, 101000 - 300000 mieszkańców","Nie uczestniczę w grupowych obrzędach","Od ojca","RKP","Etyką, dziedzictwem i postrzeganiem swiata","4","3","4","4","3","4","2","","Henoteizm ","Cała moja wiara jest tak postrzegana przez ogół. ","Tak, wiem jaką rolę odegrał w historii rodzimowierstwa","Tak, wiem jaką rolę odegrał w historii rodzimowierstwa","Tak, nie wiem kim jest dla rodzimowierstwa","Tak, wiem jaką rolę odegrał w historii rodzimowierstwa","","Nie","Tak","Tak","Nie","Tak","Nie","Nie","Tak","Nie","Nie","Tak","Tak","Tak","Tak","Tak","Obojętna tolerancja","Nie","6","9",""
"2018/05/23 10:40:14 AM CET","25 - 34","Mężczyzna","woj. pomorskie","miasto, powyżej 300000 mieszkańców","5 - 10 lat","Ze zgłębiania mitologii przedchrześcijańskiej.","","Rodzimowierstwo jest oddawanie czci Bogom, oraz życiu zgodnie z odwiecznymi prawami natury","5","5","5","5","5","5","5","","Jestem animistą. Jako osoba żyjąca w Polsce czcze Bogów słowiańskich, jako najpotężniejsze byty na tych ziemiach.","Zapewne tak. Niekiedy ciężko wyjaśnić osobom postronnym (zwłaszcza ateistom) sens obrzędowości.","Nie","Tak, wiem jaką rolę odegrał w historii rodzimowierstwa","Tak, wiem jaką rolę odegrał w historii rodzimowierstwa","Tak, wiem jaką rolę odegrał w historii rodzimowierstwa","Stanisław Potrzebowski","Tak","Tak","Tak","Tak","Tak","Tak","Osoba powinna znać język i kulturę kraju w którym czci Bogów. Np. osoba mająca rodziców polaków, lecz mieszkająca za granicą i nie znająca języka oraz kultury nie może być rodzimowiercą.","Nie","Wszystko zależy od skali i okoliczności. Nie popadajmy w skrajność","Tak","Tak","Rodzimowierstwo winno promować tradycyjną kulturę, oraz bronić etniczności.","Nie","Ciężko mówic o wpływie na świat, skoro jesteśmy marginesem i nie możemy się dogadać na własnym podwórku.","Tak","Neutralne. Nie widzę sensu wojny z innymi wyznaniami, ale też nie widzę sensu wspólnych działań. ","Nie. Rodzimowiercy to osoby które chcą iść tą drogą. Nie zbawimy świata, rodzimowierstwo nie jest religią uniwersalną","7","2",""
"2018/05/23 10:41:27 AM CET","Mniej niż 18 lat","Mężczyzna","woj. dolnośląskie","miasto, poniżej 10000 mieszkańców","więcej niż 15 lat","Połowa mojej rodziny jest rodzimowiercami","","Religią ","4","3","4","5","1","5","5","","Politeista ","Raczej całość ","Tak, wiem jaką rolę odegrał w historii rodzimowierstwa","Tak, nie wiem kim jest dla rodzimowierstwa","Tak, wiem jaką rolę odegrał w historii rodzimowierstwa","Tak, wiem jaką rolę odegrał w historii rodzimowierstwa","","Tak","Tak","Tak","Nie","Nie","Tak","Nie","Nie","Tak","Tak","Tak","Tak","Tak","Nie","Tak","Przyjacielskie lub neutralne","Nie ma wśród nas fałszywych ludzi","7","4",""
"2018/05/23 10:46:10 AM CET","35 - 44","Kobieta","woj. mazowieckie","miasto, powyżej 300000 mieszkańców","Nie uczestniczę w grupowych obrzędach","Od dzieciństwa fascynowała mnie słowiańszczyzna przedchrześcijańska.","","Swojskość, bezpieczeństwo, braterstwo ","1","5","5","5","5","5","5","","Stara indoeuropejska tradycja duchowa","Sam fakt odwołania do wiary przedchrześcijańskiej uważanych za bajke","Tak, wiem jaką rolę odegrał w historii rodzimowierstwa","Nie","Tak, nie wiem kim jest dla rodzimowierstwa","Tak, wiem jaką rolę odegrał w historii rodzimowierstwa","","Tak","Tak","Tak","Tak","Tak","Tak","Tak","Tak","Tak","Tak","Tak","Jest w ostrym konflikcie, ponieważ zjawiska te zwalczają konserwatywne i narodowe wartości.","Nie","Tak","Tak","Żyj i pozwól żyć innym ","Odwołanie do rodzinnych wartości daje poczucie bezpieczeństwa, wpływa pozytywnie na morale i daje siłe.","3","2",""
"2018/05/23 10:46:20 AM CET","18 - 24","Kobieta","woj. kujawsko - pomorskie","miasto, powyżej 300000 mieszkańców","Nie uczestniczę w grupowych obrzędach","literatura, Internet","Nie przynależę ","Filozofią życiową","4","3","4","1","2","5","5","","Wierzę, że wszystko jest po coś. Staram się być wdzięczna za wszystko, co dostaje od świata ludzi i świata przyrody. Nie biorę więcej niż potrzebuje.","Uważam, że moje pojmowanie cykliczności życia - ja umierając daje początek innemu życiu (np. roślinom które będą czerpać składniki do rozwoju z mojego rozkładającego się ciała) - może wydawać się ludziom dziwna.","Tak, nie wiem kim jest dla rodzimowierstwa","Tak, wiem jaką rolę odegrał w historii rodzimowierstwa","Nie","Tak, nie wiem kim jest dla rodzimowierstwa","Uważam, że ważną postacią jest jeszcze Ratomir Wilkowski ","Tak","Tak","Tak","Nie","Nie","Nie","Nie","Tak","Nie","Nie","Tak","Tak","Tak","Nie","Nie","Wyznania powinny na wzajem się szanować i wspólnie dążyć do tego, by wszystkim ludziom żyło się lepiej, by świat był bardziej życzliwym miejscem.","Nie, bo  nie każdemu ono odpowiada. Nie można zmuszać ludzi do myślenia w określony sposób. Ważne, aby żyć w zgodzie ze sobą.","3","9",""
"2018/05/23 10:48:20 AM CET","18 - 24","Kobieta","woj. wielkopolskie","wieś","mniej niż 1 rok","Od znajomego ","","Odskocznią ","5","5","5","5","5","5","5","","Animista","Tak","Tak, wiem jaką rolę odegrał w historii rodzimowierstwa","Nie","Tak, wiem jaką rolę odegrał w historii rodzimowierstwa","Tak, nie wiem kim jest dla rodzimowierstwa","Nie","Tak","Tak","Tak","Nie","Nie","Tak","Nie","Nie","Tak","Tak","Tak","Tak","Tak","Nie","Tak","Nikt nie powinien sobie wchodzić w drogę. Każdy ma prawo do własnych poglądów.","Uważam,ze oderwanie się od współczesności i spróbowanie chociaż namiastki rodzimowierstwa może dużo zmienić na lepsze.","9","9",""
"2018/05/23 10:48:23 AM CET","25 - 34","Mężczyzna","woj. zachodniopomorskie","miasto, 10000 - 50000 mieszkańców","Nie uczestniczę w grupowych obrzędach","Internet","","Wiarą","4","3","3","4","3","5","3","","Politeizm","Nie uważam","Nie","Nie","Tak, wiem jaką rolę odegrał w historii rodzimowierstwa","Nie","","Tak","Tak","Tak","Nie","Tak","Tak","Tak","Tak","Nie","Tak","Tak","Tak","Tak","Nie","Tak","Przyjazne","Nie bardzo","5","5",""
"2018/05/23 10:53:24 AM CET","35 - 44","Mężczyzna","woj. dolnośląskie","miasto, powyżej 300000 mieszkańców","1 - 2 lata","Z książek.","Rodzina Wiara","Wiarą w to, że Bogowie stworzyli świat, ludzi, że możemy z nimi rozmawiać, że kierując się tym, co nam podpowiada myśl powstała w trakcie rozmowy z Bogami. Że świat zbudowany jest logicznie nie dlatego, że chaos kierował taka budową ale mądry umysł myśl przekuł w rzeczywistość używając do tego różnych narzędzi.","5","5","5","5","5","5","5","","Politeistą, animistą.","Wiara w więcej niż jednego Boga.","Tak, wiem jaką rolę odegrał w historii rodzimowierstwa","Tak, wiem jaką rolę odegrał w historii rodzimowierstwa","Wiem kim był, rola zaś nie jest jednoznaczna.","Tak, nie wiem kim jest dla rodzimowierstwa","Nie. Chyba, że mówimy o osobach współczesnych nam i żyjących. Ale czy one będą ważne dla nas w długim okresie czasu, to się dopiero okaże.","Tak","Tak","Tak","Przynajmniej na razie konserwatyzm nie ma sensu. Może kiedyś...","Tak","Nie","Nie","Nie","Nie","Nie","Tak","Tak","Tak","Nie","Tak","Całkowita niezależność, co nie powinno przekreślać szans na współpracę o ile odbywać się ona będzie na jasnych zasadach, nie z pozycji siły. Sasha współpraca zaś wina być możliwa tylko w ","Nie, nie stanowi dla ogółu żadnego lekarstwa, bo ogół nie ma zamiaru wchodzić w coś, co jest mu nieznane i takie pozostanie, co wynika z nacisku zarówno ""elit"" rządzących jak i kleru KK.","9","7",""
"2018/05/23 10:54:56 AM CET","18 - 24","Mężczyzna","woj. mazowieckie","miasto, powyżej 300000 mieszkańców","Nie uczestniczę w grupowych obrzędach","Z internetu ","Nie jestem członkiem organizacji sam modlę się do Bogów ","Spokój ducha, ukojenie nerwów, połączenie z naturą ","4","4","5","3","2","3","5","","Politeistą ","Modlenie się do więcej niż jednego Boga, brak przynależności do organizacji ","Nie","Nie","Tak, nie wiem kim jest dla rodzimowierstwa","Nie","","Tak","Tak","Tak","Tak","Nie","Nie","Nie","Tak","Nie","Tak","Tak","Nie","Nie","Tak","Tak","Przede wszystkim wzajemny szacunek, zwłaszcza między wiarami politeistycznymi ","Rodzimowierstwo nie posiada głowy kościoła ani żadnej z hierarchizowanej organizacji. Dzięki czemu może być postrzegane jako mniej ingerujace w życie prywatne wyznawców ","7","3",""
"2018/05/23 10:59:28 AM CET","25 - 34","Mężczyzna","woj. łódzkie","miasto, powyżej 300000 mieszkańców","Nie uczestniczę w grupowych obrzędach","Internet ","Brak","Ujęciem rzeczywistości w sposób tradycyjny i naturalny dla mojej grupy etnicznej. ","3","4","5","3","4","5","5","Brak ","Politeizm z ciągotami do henoteizmu ","Całość ","Tak, nie wiem kim jest dla rodzimowierstwa","Tak, wiem jaką rolę odegrał w historii rodzimowierstwa","Nie","Nie","Stanisław Szukalski, Kazimierz Moszyński, Aleksander Brückner ","Tak","Generalnie tak, choć w postaci katolicyzmu jest inkubatorem przechowującym pewne rodzime treści w bliskowschodniej skorupce. ","Tak","Tak","Raczej tak, choć szacunek dlabogów innych religii nie jest przecież wykluczony. ","Tak","Tak","Generalnie jest zły, ale i nieunikniony. Wszystko w nadmiarze może szkodzić. ","Migracja wewnątrz Europy nie jest tak straszna, głównym problemem jest imigracja do Europy z innych kontynentów. ","Tak","Nie do końca, choć po części mogą się dogadać. ","Nie","Nie","Nie","Tak","Dyplomatyczne. ","Nie ma jednej recepty na wszystko. ","6","2",""
"2018/05/23 11:12:15 AM CET","25 - 34","Kobieta","woj. warmińsko - mazurskie","miasto, 101000 - 300000 mieszkańców","10 - 15 lat","Od znajomych dowiedziałam się o polskim ruchu o tej nazwie. Siebie wcześniej identyfikowałam jako pogankę.","RW","Nie czuję się rodzimowiercą  odkąd w tej religii zaczęły pojawiać się dogmaty pokrywające się z tymi w kk. Dla mnie jest to wolność, poczucie uzupełnienia duchowych dążeń. Obecne, świeże i nowomodne rodzimowierstwo to kpina z religii etnicznych. ","1","2","5","4","4","5","5","","Henopanteistoanimista. Czuję się związana z ziemią i żywiołami. Czuję często obecność bogów i duchów. Bywa, że w miejscach mało z nimi kojarzonymi. Wyrywam duchowe aspekty z codzienności jak mogę.","Sam fakt, że nie pasuję do ogółu nawet w rodzimowierstwie przestał mnke interesować. Jeśli ktoś jest zainteresowany, opowiem o swojej ścieżce. Jeśli ktoś mnie zaatakuje - będę współczuć zamkniętej głowy.","Tak, wiem jaką rolę odegrał w historii rodzimowierstwa","Tak, wiem jaką rolę odegrał w historii rodzimowierstwa","Nie","Tak, wiem jaką rolę odegrał w historii rodzimowierstwa","Stanisław  Szukalski, Moszyński. ","Tak","Tak","Nie","Nie","Tak","Nie wiem","Nie interesuje mnie pochodzenie, a czego szuka.","Tak","Tak","Tak","Tak","Tak","Tak","Powinno, bo sa ludzie którzy się do tego nadają. Dla świata jednak ratunku nie ma żadnego. ","Nie","Zawsze należy wyjść z pozycji neutralnej, w formie dialogu. Jeśli ktoś nie próbuje nam narzucać swoich przekonań, nie ma potrzeb do wrogiego nastawienia.","Nie. Rodzimowietstwo to chwilowa moda i w wielu przypadkach próba leczenia kompleksów lub szukania łatwych podwładnych. Takie osoby nie są lekarstwem, a pasożytami na poziomie wielu sobie podobnych w innych wyzwaniach.","4","5",""
"2018/05/23 11:35:03 AM CET","25 - 34","Kobieta","woj. wielkopolskie","miasto, 10000 - 50000 mieszkańców","3 - 5 lat","odtworstwo historyczne, pozniej sama zgłębislam temat","mam swoja grupe na terenie Irlandii, wspolpracuje z innym rowniez z tymi w pl. ","Wiara. Religia, etyka sposób życia","3","4","4","5","5","4","4","","Politeista","Czczenie natury jest dla innych ludzi dość dziwne","Tak, wiem jaką rolę odegrał w historii rodzimowierstwa","Tak, wiem jaką rolę odegrał w historii rodzimowierstwa","Nie","Nie","Aleksander Gieysztor, Aleksander Bruckner, Kazimierz Moszyński","Tak","Tak","Tak","Nie","Nie","Tak","Nie","nie do konca","Nie","Tak","Tak","Nie","Tak","Nie","Tak","Wzajemny szacunek i tolerancja do pewnego stopnia","Powrót do natury, życie w zgodzie z przyrodą","5","5",""
"2018/05/23 11:48:54 AM CET","35 - 44","Kobieta","woj. wielkopolskie","wieś","Nie uczestniczę w grupowych obrzędach","Po przeczytaniu kilku książek","Obecnie nie należę do żadnej organizacji","Szacunek do natury i piękne, kolorowe obrzędy","3","3","3","3","5","3","3","","Agnostykiem","Myślę , że dziwne może się wydać większości społeczeństwa w ogóle to że można nie wierzyć w jedynego boga Jahwe i ogólnie w Kościół katolicki","Tak, nie wiem kim jest dla rodzimowierstwa","Tak, nie wiem kim jest dla rodzimowierstwa","Tak, nie wiem kim jest dla rodzimowierstwa","Tak, nie wiem kim jest dla rodzimowierstwa","","Tak","Tak","Tak","Nie","Nie","Tak","Tak","Nie","Nie","Tak","Tak","Tak","Tak","Nie","Tak","Uważam , że skoro Kościół katolicki w Polsce przejął większość obrzędów i symboli słowiańskich to powinna być wolność wyznania","Żyjąc w zgodzie z naturą","5","7",""
"2018/05/23 11:54:14 AM CET","25 - 34","Kobieta","woj. pomorskie","wieś","3 - 5 lat","książki","","wiara etniczna, bazująca na charakterze natury/jej cyklach. wyrastająca ze zjawiskach przyrodniczych wystepujących w danym regionie. ","5","4","4","2","4","4","4","","uniwersalista, panteista","moje przekonanie, że Bóg/Absolut nie podlega ludzkim kategoriom (np. płeć, posiadanie konkretnego imienia, wygląd) oraz wiara w pomniejsze bóstwa np. przynależne do określonych miejsc.","Tak, wiem jaką rolę odegrał w historii rodzimowierstwa","Nie","Tak, wiem jaką rolę odegrał w historii rodzimowierstwa","Nie","Nie ma dla mnie większego znaczenia jaka jest historia rodzimowierstwa. (najwyższej jako ciekawostka) Najważniejsza jest osobista praktyka i wynikające z niej doświadczenie.","Nie","Tak","Tak","Nie","Nie","Nie","Nie","Tak","Nie","Nie","Tak","Tak","Nie","Tak","Nie","tolerancja","Nie.","9","9",""
"2018/05/23 11:54:39 AM CET","25 - 34","Mężczyzna","woj. dolnośląskie","miasto, 101000 - 300000 mieszkańców","5 - 10 lat","Internet","","Elementem zycia.","5","5","5","5","5","5","5","","Animistą/politeistą","Nie uważam, że moje przekonania mogą być wzięte, za dziwne.","Nie","Tak, wiem jaką rolę odegrał w historii rodzimowierstwa","Tak, nie wiem kim jest dla rodzimowierstwa","Tak, wiem jaką rolę odegrał w historii rodzimowierstwa","","Nie","Tak","Nie","Nie","Nie","Nie","Nie","Nie","Nie","Tak","Tak","Tak","Tak","Nie","Tak","współpraca na polu społeczno-kulturalnym i tolerancja współistnienia odmiennych koncepcji teologicznych","Nie uważam, że rodzimowierstwo jest lekarstwem na bolączki świata.","9","6",""
"2018/05/23 11:58:15 AM CET","18 - 24","Mężczyzna","woj. śląskie","miasto, 10000 - 50000 mieszkańców","1 - 2 lata","Internet","","Czymś co jest ukryte w człowieku jak skarb","4","4","5","5","4","5","4","","Politeista","Wiara w innego boga niż chrześcijańskiego","Tak, wiem jaką rolę odegrał w historii rodzimowierstwa","Tak, wiem jaką rolę odegrał w historii rodzimowierstwa","Tak, wiem jaką rolę odegrał w historii rodzimowierstwa","Tak, wiem jaką rolę odegrał w historii rodzimowierstwa","","Tak","Tak","Tak","Nie","Nie","Tak","Nie","Tak","Tak","Tak","Tak","Tak","Tak","Nie","Tak","Powiązania na płaszczyźnie tradycji i poglądów","Stanowi, ponieważ pokazuje, że wiara nie ogranicza i nie ma twardych reguł","5","3",""
"2018/05/23 12:03:12 PM CET","18 - 24","Mężczyzna","woj. opolskie","wieś","Nie uczestniczę w grupowych obrzędach","Internet","","Wiara naszych przodków, pielęgnowanie tradycji które prawie wyginęły ","5","5","5","3","4","5","5","","Wierzę, że jest jeden stwórca wszystkiego oraz bogowie którzy zarządzają każdym aspektem ","Nie raczej nie ","Tak, nie wiem kim jest dla rodzimowierstwa","Tak, nie wiem kim jest dla rodzimowierstwa","Tak, nie wiem kim jest dla rodzimowierstwa","Tak, nie wiem kim jest dla rodzimowierstwa","","Tak","Tak","Tak","Tak","Tak","Tak","Tak","Tak","Tak","Tak","Tak","Nie","Tak","Nie","Tak","Bez konfliktowe","Tak człowiek nie może istnieć bez natury a współczesny świat jak i religia coraz bardziej odchodzą od natury ","1","1",""
"2018/05/23 12:10:53 PM CET","25 - 34","Mężczyzna","woj. małopolskie","wieś","Nie uczestniczę w grupowych obrzędach","Książki/ internet","","Życiową droga/ pamięć o przodkach","4","3","3","5","5","4","4","","Politeista, główny Bóg nie ingeruje w sprawy ziemskie.","Całość przekonań w kraju katolickim, również ze strony ateistów","Nie","Nie","Nie","Nie","","Tak","Tak","Tak","Tak","Nie","Nie","Tak","Tak","Nie","Nie","Tak","Nie","Może być np. Celtyckie lub inne","Nie","Tak","Dążenie do pokoju. Ochrona środowiska i dialog między religiami.","Łączy z przyrodą. Nie nawołuje do agresji i przymusowego nawracania.","4","5",""
"2018/05/23 12:11:21 PM CET","25 - 34","Kobieta","woj. łódzkie","miasto, 51000 - 100000 mieszkańców","1 - 2 lata","To było tak dawno ze nie pamietam, okolo 15lat temu","","Wiara przodków, ktora niestety zostala zastąpiona obcą dla naszej kultury religia.","5","4","5","3","4","5","3","","Ploteizm","Chociazby politeizm","Tak, nie wiem kim jest dla rodzimowierstwa","Tak, nie wiem kim jest dla rodzimowierstwa","Nie","Nie","","Tak","Tak","Tak","Nie","Nie","Nie","Tak","Tak","Nie","Tak","Tak","Tak","Tak","Nie","Tak","Szacunek i tolerancja to powinny byc podstawowe wartosci kazdej religii. Nie powinnismy sie wzajemnie zwalczac ale współpracować.","Nie, nienuwazam ze to lekarstwo. Ale jest to dobra alternatywa dla życia w świecie zdominowanym przed chrześcijaństwo.","7","9",""
"2018/05/23 12:18:07 PM CET","35 - 44","Mężczyzna","woj. zachodniopomorskie","miasto, 51000 - 100000 mieszkańców","Nie uczestniczę w grupowych obrzędach","Negując inne religie","Brak","Styl życia, sposób widzenia świata ","1","5","5","5","5","5","5","","Źródłem wiedzy są Wedy","Tak. Większość ","Tak, wiem jaką rolę odegrał w historii rodzimowierstwa","Tak, wiem jaką rolę odegrał w historii rodzimowierstwa","Tak, wiem jaką rolę odegrał w historii rodzimowierstwa","Tak, wiem jaką rolę odegrał w historii rodzimowierstwa","","Tak","Tak","Tak","Nie","Nie","Nie","Tak","Nie","Nie","Tak","Tak","Nie","Tak","Nie","Nie","Żadne ","Leczy dusze.  Przywraca spokój ","3","3",""
"2018/05/23 12:23:56 PM CET","25 - 34","Mężczyzna","woj. śląskie","miasto, 10000 - 50000 mieszkańców","Nie uczestniczę w grupowych obrzędach","Książki","","Tradycją","2","1","1","3","1","1","1","","Katolik","Tak, jestem katolikiem ale uważam że natura jest twórcą","Nie","Tak, wiem jaką rolę odegrał w historii rodzimowierstwa","Nie","Nie","","Tak","Nie","Nie","Tak","Tak","Tak","Nie","Tak","Nie","Tak","Tak","Nie","Tak","Nie","Tak","Poprawne","Nie","1","1",""
"2018/05/23 12:36:30 PM CET","18 - 24","Kobieta","woj. wielkopolskie","miasto, 10000 - 50000 mieszkańców","Nie uczestniczę w grupowych obrzędach","Intetnet","-","Zabobony","2","1","1","1","5","3","1","-","Ateista","Ateizm nie jest powszechnie akceptowalny. ","Nie","Nie","Nie","Nie","","Nie","Tak","Tak","Nie","Tak","Nie","Tak","Tak","Tak","Tak","Nie","Nie","Tak","Nie","Nie","Nie powinno nic laczyc","Nie","5","5",""
"2018/05/23 1:00:09 PM CET","25 - 34","Mężczyzna","woj. wielkopolskie","miasto, powyżej 300000 mieszkańców","3 - 5 lat","Przy okazji studiowania historii Słowiańskiej, podczas poszukiwania w życiu aspektu mistycznego, który nie wiązałby się z jednoczesnym przyjęciem obcej kultury.","RKP","Ciekawy sposób na uprawianie medytacji, zgłębianiu więzi z naturą bowiem słowiańskie bóstwa, będąc bardzo silnie związane z przyrodą, są bardzo dobrym ucieleśnieniem żywiołów oraz otaczającego nas świata natury.","1","4","4","3","5","4","2","","Politeistą, bowiem czcząc naturę chciałbym odnosić się do wszystkich jej aspektów.","Wszystko związane z religią rodzimowierczą. Szczególnie źle postrzegane przez chrześcijan/katolików, którzy potrafią bezkrytycznie patrzeć tylko na własną wiarę, która w porównaniu z rodzimowierstwem jest tak absurdalna i po brzegi przepełniona zabobonami i mitami.","Tak, wiem jaką rolę odegrał w historii rodzimowierstwa","Tak, nie wiem kim jest dla rodzimowierstwa","Tak, wiem jaką rolę odegrał w historii rodzimowierstwa","Nie","","Tak, świat zachodu.","Tak","Za dużo uwagi absurdalnej ochronie przyrody (praca współczesnych ""ekologów""), za mało wychowania w duchu natury oraz dbałości o okoliczną przyrodę przez zwykłego człowieka.","Bardzo nieprecyzyjne pytanie, bowiem konserwatyzm rodzimowierczy znacząco różni się od konserwatyzmu chrześcijańskiego wszechobecnego w naszym kręgu kulturowym.","Nie","Tak","Mógłby, ale uważam, że to bez sensu. Każdy raczej powinien obracać się w kręgu własnej kultury.","Nie","Imigracja ""po zasiłek"" tak. Nie widzę nic zdrożnego w imigracji uczciwych ludzi. Nie każdy obywatel musi być rodzimowiercą.","Tak","Tak","Nie","Tak","Tak","Tak","Nie powinno być żadnych relacji.","Uważam, że tak. Zbliżenie z naturą jakiejkolwiek nie miałoby formy działa dobrze na każdego człowieka.","9","1",""
"2018/05/23 1:10:25 PM CET","35 - 44","Kobieta","woj. świętokrzyskie","miasto, 10000 - 50000 mieszkańców","Nie uczestniczę w grupowych obrzędach","Podczas festynu gdy odwiedziła nas jedną z grup","","Odkrywaniem historii przodków i przynależnością do własnej kultury","2","2","2","1","1","2","1","","Jestem na rozdrożu","Nie wiem","Tak, wiem jaką rolę odegrał w historii rodzimowierstwa","Nie","Tak, wiem jaką rolę odegrał w historii rodzimowierstwa","Nie","","Tak","Tak","Tak","Nie","Tak","Nie","Nie","Nie","Nie","Tak","Tak","Tak","Tak","Nie","Tak","Szacunek","Tak,życie we wspólnocie , zgodnie z naturą","8","7",""
"2018/05/23 1:11:02 PM CET","18 - 24","Mężczyzna","woj. warmińsko - mazurskie","wieś","3 - 5 lat","Z zinów( ala Trygław, Securius) i poprzez muzykę takich zespołów jak Graveland",""," Moją religią jest pełen czci i szacunku stosunek do Polski. Jestem socjalistą, dlatego, iż Polska to naród polski, polskie społeczeństwo. Realizując politykę społeczną opar­tą na etosie aryjczyka i rdzennych pogańskich  tradycjach będę umacniał więzi narodowe i godność polską. Ostatecznym celem tej polityki będzie zmiana charakteru narodowego, wyeliminowanie z niego niearyjskich naleciałości i stworzenie Zadrugi ogólnonarodowej opartej na eto­sie aryjczyka, kulturowo-tworzycielskim światopoglądzie.","4","5","4","4","4","4","3","","https://rodzimawiara.org.pl/rodzima-wiara/skrocone-wyznanie-wiary.html ","-","Tak, wiem jaką rolę odegrał w historii rodzimowierstwa","Tak, wiem jaką rolę odegrał w historii rodzimowierstwa","Nie","Brak nazwiska Potrzebowskiego wśród tych postaci  a pojawienie się Stefańskiego wskazuje na stronniczość w stronę RKP...","Stanisław Potrzebowski założyciel RW , oprócz tego niektórzy  przedstawiciele romantyzmu i młodej polski oraz niektóre tendencje w ruchu ludowym wśród związków młodzieży wiejskiej itd.","Tak","Tak","Nie","Tak","Tak","Tak","Tak","Tak","Tak","Tak","Tak","Nie","Nie","Nie","Tak","Współpracy na polu społecznym propagowania wspólnie zdrowych wartości przeciwstawiania się niszczącym nasz naród trendom i odchyleniom.","Poprzez powrót do tradycji przywiązania do ziemi i krwi przezwyciężymy wszechobecny internacjonalizm i odradzający się marksizm, poprzez propagowanie zdrowej heteronormatywnej rodziny kult macieżyństwa i płodności zniszczymy zgniłe trendy zachodniej cywilizacji które starają się osłabić rodzinę i promują wynaturzenia. ","1","1",""
"2018/05/23 1:46:15 PM CET","25 - 34","Mężczyzna","woj. śląskie","miasto, 101000 - 300000 mieszkańców","5 - 10 lat","Sam zacząłem z wiedzy w ludzie, a potem los mi podkładał ludzi z wiedzą.","","Nie jest wierstwem. Jest integralną częścią życia ludzi, którzy czują obecność wszelakich istot. ","5","5","5","5","5","5","5","","Politeistą","Rozumienie mocy ofiar z żyjących istot. Poświęcenie własnego życia w wyższych celach, nawet rodowych. Fanatyczne przywiązanie do praw, jak mir świąteczny. ","Nie","Tak, wiem jaką rolę odegrał w historii rodzimowierstwa","Tak, wiem jaką rolę odegrał w historii rodzimowierstwa","Tak, wiem jaką rolę odegrał w historii rodzimowierstwa","Klasyki pokroju Kolberg, Gieysztor, Jasiński, czy nasi współcześni działacze jak Poświst. ","Tak","Tak","Tak","Tradycjonalizm nie oznacza braku postępu","Tak","Nie","Nie","Nie","Nie","Tak","Tak","Tak","Tak","Tak","Tak","Istnienie obok siebie, dopóki nie ma wrogich działań. ","Nie. To nie jest religia oferująca zbawienie, nie nadaje się dla każdego. ","7","4","Nie rób na szybko. Niektóre pytania brzmią tendencyjnie, jak robione pod tezę. Broni je tylko to, że znam autora :p"
"2018/05/23 1:47:37 PM CET","18 - 24","Kobieta","woj. zachodniopomorskie","miasto, poniżej 10000 mieszkańców","1 - 2 lata","Ze szkoły i od taty ","Neopoganka","Życiową ideologią","3","4","4","3","3","4","4","","Poganka","Obrzędy","Tak, nie wiem kim jest dla rodzimowierstwa","Nie","Tak, wiem jaką rolę odegrał w historii rodzimowierstwa","Tak, nie wiem kim jest dla rodzimowierstwa","","Tak","Nie","Tak","Tak","Nie","Nie","Nie","Nie","Nie","Tak","Tak","Tak","Tak","Tak","Nie","Dystans i nie wchodzenie sobie w drogę. Skoro nam nie przeszkadza ich wiara to powinno być tak w drugą stronę. ","Wracamy do korzeni polskości ","5","5",""
"2018/05/23 2:18:42 PM CET","Mniej niż 18 lat","Mężczyzna","woj. warmińsko - mazurskie","miasto, poniżej 10000 mieszkańców","Nie uczestniczę w grupowych obrzędach","Poznałem polską kulturę słuchając muzyki","","Systemem filozoficznym, określającym mój światopogląd","3","3","5","5","5","5","5","","Politeistą, widzę ""bogów"" w każdym elemencie natury","Miłość do natury, ludzie uważają za dziwne, że darzę rośliny i zwierzęta tym samym szacunkiem co ludzi","Nie","Nie","Nie","Nie","","Tak","Tak","Tak","Tak","Rodzimowierca, to osoba która miłuje naturę, bogowie są jej symbolami ","Tak","Osoba innego pochodzenia, powinna czcić swoich przodków i naturę miejsca z którego pochodzi","Tak","Imigracja nie-europejczyków powinna zostać zatrzymana, ze względu na ewolucyjne przystosowanie do życia w innym regionie świata","Nie","Tak","Nie","Rodzimowierstwo powinno być miejscem dla każdego, kto czci naturę i swoich przodków","Nie","Tak","Zależy od poglądów prezentowanych przez owe wyznania ","Dobrze zrozumiane idee rodzimowierstwa pozwalają zrozumieć w jaki sposób żyć w symbiozie z naturą","3","1",""
"2018/05/23 2:34:23 PM CET","35 - 44","Mężczyzna","woj. pomorskie","wieś","3 - 5 lat","Od babci","","Wiarą","5","5","5","5","5","5","5","","Politeistą","Zabobon","Tak, wiem jaką rolę odegrał w historii rodzimowierstwa","Nie","Tak, wiem jaką rolę odegrał w historii rodzimowierstwa","Nie","","Tak","Tak","Tak","Nie","Tak","Nie","Nie","Tak","Nie","Nie","Tak","Tak","Tak","Tak","Tak","Wzajemny szacunek","Nie","7","6","Slawa"
"2018/05/23 3:32:17 PM CET","35 - 44","Kobieta","woj. mazowieckie","miasto, 10000 - 50000 mieszkańców","Nie uczestniczę w grupowych obrzędach","Tradycja rodzinna","","Dziedzictwem moich przodków, spadkiem dla moich potomków","4","4","4","4","4","4","4","","Jestem politeistą, nie przeszkadza mi to jednak szczegolnie cenić jednego z Bogów, ktory jest mi szczegolnie bliski. Moj stosunek do swiata jest lekko nacechowany animizmem.","Moze fakt,ze rozmawiam z duchami przodków? Ludzie teraz są bardziej przyziemni i brakuje im duchowosci.","Tak, nie wiem kim jest dla rodzimowierstwa","Nie","Nie","Tak, wiem jaką rolę odegrał w historii rodzimowierstwa","","Tak","Nie","Tak","Nie","Tak","Tak","Nie","Tak","Nie","Tak","Tak","Tak","Tak","Nie","Tak","Przyjazna obojetnosc. Nie wchodźmy sobie w drogę.","Nie, pomaga jednak jednostkom dojść do ładu z samymi sobą.","5","6",""
"2018/05/23 4:06:09 PM CET","18 - 24","Mężczyzna","woj. śląskie","miasto, 101000 - 300000 mieszkańców","Nie uczestniczę w grupowych obrzędach","Z internetu","","System życia","1","3","4","3","5","4","4","","Uważam, że nauka w pewnym momencie spotka się z religią a wszystkie spersonalizowane bóstwa będą jedynie odzwierciedleniem sił rządzących rzeczywistością lub bytami żyjącymi więcej niż w 4 wymiarach (czwarty wymiar czas).","Brak konkretnego określenia systemu wierzeń. ","Nie","Nie","Nie","Nie","","Tak","Chrześcijaństwo zmienia swoje oblicze, jest coraz bardziej tolerancyjne dla pozostałych wierzeń.","Tak","Nie","Nie","Tak","Nie","Tak","Imigracja powinna przebiegać w sposób kontrolowany.","Tak","Tak","Nie mam zdania.","Tak","Nie","Tak","Relacja polegająca na wspólnej tolerancji. Plemiona słowiańskie nie zabraniały wierzyć w starych Bogów przez podbity lud.","Więź z naturą pomaga w myśleniu ekologicznym. Ponad to nie wspiera życia w ciągłym pośpiechu i stresie.","7","3",""
"2018/05/23 4:12:50 PM CET","35 - 44","Kobieta","woj. lubelskie","miasto, 101000 - 300000 mieszkańców","Nie uczestniczę w grupowych obrzędach","Od dawna interesuję się historią i kulturą Słowian ","","Alternatywą dla zakłamanego kościoła katolickiego","5","5","5","3","3","5","5","","Poszukuję odpowiedzi na rożne pytania","Nie sądzę","Nie","Nie","Nie","Nie","","Tak","Tak","Tak","Nie","Nie","Nie","Nie","Nie","Nie","Nie","Tak","Tak","Tak","Nie mam zdania","To zależy jak rozumieć tę „zgniliznę”","Nie powinny sobie przeszkadzać ani się zwalczać ","Poprzez brak fałszu i obłudy ","9","9",""
"2018/05/23 4:25:00 PM CET","25 - 34","Kobieta","woj. dolnośląskie","miasto, 51000 - 100000 mieszkańców","5 - 10 lat","Rekonstrukcja historyczna","Wiccanie, jednak w Polsce nie funkcjonują jako stowarzyszenie czy zrzeszenie ","Nic nie jest uświęcone, poza naturą. ","2","1","2","3","4","4","3","Jesteśmy elementami jednej całości, związanej i przynależnej do Natury. ","Raczej animistą, z silnym przywiązaniem do przodków, otaczającego nas środowiska i równości wszystkich istnień. Kręgu życia, w którym jesteśmy. ","Cóż, kiedy ludzie pytają w co wierzę i odpowiadam że pokładam wiarę w Naturze, zazwyczaj śmieją się, odpowiadając że czczę trawnik przed domem. Uważają mnie raczej za satanistę, bo przecież... każda wiedźma spółkuje z diabłem. ","Wiem, że był archeologiem, historykiem z takim zamiłowaniem. ","Nie","Nie","Parapsycholog, wzbudza moje mieszane uczucia. ","","Tak","Rodzimowiercy nie będą wrodzy chrześcijaństwu, ale ono postawiło sobie za cel je zniszczyć. ","Tak","Nie","Nie","Nie","Nie","Nie","Nie","Tak","Tak","Tak","Tak","Tak","Nie","Tolerancja, wzajemne zrozumienie. ","Nie, zdecydowanie nie. Lekarstwem na wspólczesne (polskie) społeczeństwo byłoby tylko otworzenie mu oczu. Wiara tu nie pomoże, raczej jej brak. ","7","8","Wątpię żeby mieszanie polityki czy poglądów na społeczności homoseksualne, czy imigrantów z poglądami religijno, światopoglądowymi jest błędem. Byłoby też wskazane określić co definiuje się w ankiecie jako ""rodzimowierstwo"", bo wydaje się to z racji niektórych pytań nieco mętne. Bardzo żałuje że nie mam okazji posłuchać Twojego referatu w Gdańsku :) Slava. "
"2018/05/23 4:58:24 PM CET","35 - 44","Kobieta","woj. zachodniopomorskie","miasto, powyżej 300000 mieszkańców","10 - 15 lat","Pierwsze uczestnictwo w Festiwalu Wikingów w Jomsborgu","Swobodna, samodzielna, oparta na przekazach. ","Jest mi bliższa, bardziej autentyczna niż chrześcijaństwo. Jest schedą przepadków, stale obecną w życiu codziennym. ","5","2","2","3","1","2","2","Cześć metafizyczną szanuję ale traktuję jak legendę. ","Animista","Sam powrót do rodzimowierstwa wydaje się dziwny","Nie","Nie","Tak, nie wiem kim jest dla rodzimowierstwa","Nie","Nie","Tak","Tak","Tak","Nie","Czczący? Pamięć nie wystarczy?","Nie","Nie","Nie","Nie","Nie","Tak","Tak","Tak","Tak","Nie","Wzajemne poszanowanie","Może trochę. Obecnie wszyscy straszą się zalewem niebezpiecznego islamu. Nie zauważają że rodzimowiercy przeżyli to brutalną chrystianizacją. To powinno nauczyć nas tolerancji. ","9","9","Fajna ankieta. Powodzenia!"
"2018/05/23 5:12:15 PM CET","25 - 34","Mężczyzna","woj. warmińsko - mazurskie","miasto, 101000 - 300000 mieszkańców","3 - 5 lat","Za granicą ","","Wiarą i tym co tkwi w sercu","5","5","5","5","5","5","5","","Henoteistą","Szamaństwo i magia ","Tak, wiem jaką rolę odegrał w historii rodzimowierstwa","Nie","Tak, wiem jaką rolę odegrał w historii rodzimowierstwa","Nie","","Tak","Tak","Tak","Zależy w jakich sytuacjach ","Nie","Nie","Tak","Nie","Nie","Nie","Nie","Tak","Tak","Nie powinno się mieszać wiary z polityką ","Tak","Co najwyżej przyjacielskie","Pozwala odnaleźć spokój ducha","5","2",""
"2018/05/23 5:26:24 PM CET","35 - 44","Mężczyzna","woj. małopolskie","miasto, 51000 - 100000 mieszkańców","3 - 5 lat","Sam znalazłem","Pośrednio K.R.","Wiara oddawanoe czci Bogom, przodkom. Wspólnota ludzi.","5","4","5","5","4","4","4","","100% politeista, chociaż mam ulubionego Boga i do Niego zwracam się częściej. Wierzę że np. piorun nie jest bogiem a atrybutem/ narzędziem Gromowładcy.","Generalnie wszystko. Od kłaniania się Słoneczku po fakt posiadania wielu Bóstw.","Tak, wiem jaką rolę odegrał w historii rodzimowierstwa","Tak, wiem jaką rolę odegrał w historii rodzimowierstwa","Tak, nie wiem kim jest dla rodzimowierstwa","Kiedy byłem nastolatkiem tworzył RKP. Dzięki niemu dowiedziałem się że nie jestem sam i że są grupy ludzi podobnie czujących. Ale wtedy do żadnej nie wstąpiłem.","","Tzw. świat rozwinięty na pewno","Tak","Zależy od kraju. U nas z pewnością","Tutaj jestem raczej centrystą. Złoty środek.","Nie","Tak. Ale czy rasowa? ","Jeżeli wierzy i oddaje cześć to czemu nie. Nasi rodzice, dziadkowie w przeważającej większości są lub byli katolikami. A wzywamy ich i dary składamy. Nawet tradycja rodzinna musi mieć kiedyś początek","Nie każdy, nie zawsze","Ograniczona i regulowana","Tak","Tak","Nie","Tak","Nie","Tak, byle nie stać się kolejnym świętym oficjum","Poprawne politycznie. Czujna koegzystencja. Nie zaczepiajmy i wymagajmy tego samego. I tak wygramy ;)","Chciałbym. ","6","5",""
"2018/05/23 5:48:18 PM CET","18 - 24","Kobieta","woj. pomorskie","miasto, powyżej 300000 mieszkańców","Nie uczestniczę w grupowych obrzędach","Głównie z muzyki Percivala ","","Wiarą przodków, opierającą się na nieskończonym kręgu przyrody. Jest dla mnie ukojeniem w chwilach największych trudów obecnego życia. ","2","2","2","2","2","3","2","","Póki co ateistką, jednak jest to ateizm racjonalny. Nie wypieram się w istnienie boga/bogów. Po prostu nie wierzę. Być może przyjdzie taki czas, że uwierzę? ","Tak, ponieważ uważam, że żadna religia w założeniu nie jest zła, to ludzie tworzą ją złą. Często zostaję oceniana jako ignorantka, bo przecież islam to od początku religia wojny. Uważam też, że większość osób które uważają się za wierzących, wcale nie wierzy a po prostu tak im się wydaje. ","Tak, nie wiem kim jest dla rodzimowierstwa","Tak, nie wiem kim jest dla rodzimowierstwa","Tak, wiem jaką rolę odegrał w historii rodzimowierstwa","Tak, nie wiem kim jest dla rodzimowierstwa","Mickiewicz na przykład w swoich Dziadach inspirował się tradycją słowiańską","Moim zdaniem świat nie jest jakoś wyjątkowo ubogi, póki co jest po prostu nudny bo mamy religie dominujące. ","Myślę, że możliwa jest koegzystencja biorąc pod uwagę fakt, że wiele świąt chrześcijańskich jest skradzionych rodzimowierstwu.","Tak","Nie","Nie","Myślę, że to kwestia tak bardzo indywidualna, że nie da się jej zamknąć w odpowiedzi tak lub nie. ","Nie","Nie","Nie","Tak","Po części tak, aczkolwiek na chwilę obecną moja wiedza jest dość uboga, dlatego przede wszystkim chce się kształcić aby wyrabiać sobie własną opinię. ","Nie","Tak","Myślę, że rodzimowiercza wiara mógłaby bardzo dobrze wyjaśnic znaczenie natury i jak ważna jest jej ochrona a to już jakiś konkretny wpływ na obecny świat. ","Tak","Poprawne, powinniśmy nie wchodzić sobie w drogę i nie robić pod górkę. ","Myślę, że jest to remedium na wiele spraw, jednakowoż nie na wszystkie. Przede wszystkim daje duchowy spokój i porządek co bezpośrednio przekłada się na jakoś życia czyli zmniejszenie stresu, mniejsze problemy ze snem czy własnym ego. ","5","5",""
"2018/05/23 6:02:06 PM CET","35 - 44","Mężczyzna","woj. mazowieckie","miasto, powyżej 300000 mieszkańców","więcej niż 15 lat","To było tak dawno, że niknie w mroku dziejów ;)","Lokalna grupa nieformalna.","Religią opartą na przedchrześcijańskim systemie wierzeń i legend dopasowaną do współczesnych warunków z poszanowaniem tradycji zachowanych w ""wiedzy ludowej"" i przekazach etnograficznych. ","4","4","4","2","4","5","4","","Politeistą-dwuwiercą (w sensie nie tylko słowiańskim), z poszanowaniem bogów i bóstw innych kultur (celtyckiej, germańskiej, azjatyckiej, afrykańskiej, amerykańskiej). Wizytując tamte obszary zawsze składam obiatę duchom i bóstwom miejsca.","Nie interesuje mnie, co inni na ten temat sądzą, moja religia jest moją prywatną sprawą. Mogę udzielić informacji na jej temat jeśli będzie taka potrzeba.","Tak, wiem jaką rolę odegrał w historii rodzimowierstwa","Tak, wiem jaką rolę odegrał w historii rodzimowierstwa","Tak, wiem jaką rolę odegrał w historii rodzimowierstwa","Tak, wiem jaką rolę odegrał w historii rodzimowierstwa","Nie przeceniałbym roli Jana Stachniuka w rodzimowierstwie - w dzisiejszych jest to postać historyczna, na swój sposób bardzo skrzywdzona przez los. Odwoływanie się do idei Stachniuka w XXI wieku uważam za anachronizm. Podobnie jest ze Stefańskim. Warto natomiast znać/poznać materiały etnograficzne nawet te zachowawcze (Gieysztor, Strzelczyk, Kowalik, Pełka, Suliga).","Nie wszyscy siedzą z nosami w smartfonach - ale spłycenie duchowości jest niestety spore.","Wszystko zależy od okoliczności, jak się będzie dalej rozwijać rodzimowierstwo i chrześcijaństwo. W chwili obecnej możliwe są lokalne sojusze, niekoniecznie związane z samą religią - ale na dłuższą metę będą rozdźwięki.","Tak","Religia nie powinna mieszać się do polityki. Amen ;)","Bogów związanych z autochtonicznymi kulturami Europy i Świata.","Najistotniejszy jest szacunek do miejsca przebywania i poszanowania lokalnych bóstw.","Jeżeli czyni to świadomie i z poszanowaniem bóstw i tradycji to tak.","Tak","Szkodzących Polsce - tak. Wzmacniających nasz kraj i gospodarkę powinniśmy naturalizować.","Tak","A nawet się wzajemnie uzupełnia.","Zależy od podejścia konkretnych osób.","Tak","Tak","W sposób dopuszczalny prawem.","Rodzimowierstwo jako politeizm powinno szanować inne wyznania i domagać się jednoczesnego poszanowania rodzimowierstwa przez tamte wyznania.","Nie. Uważam też, że zbyt dużo zwichrowanych w różny sposób ludzi szuka w rodzimowierstwie akceptacji na siłę. Rodzimowierstwo nie jest zabawką ani szpitalem psychiatrycznym","6","3","Pozdrawiam! "
"2018/05/23 7:18:37 PM CET","18 - 24","Mężczyzna","woj. kujawsko - pomorskie","wieś","mniej niż 1 rok","Z książek, interesowałem się od zawsze mitologią, następnie z informacji z internetu","","Wiara w rodzimych Bogów, sławienie Przodków, poszukiwanie zaginionych informacji o naszych korzeniach, poszukiwanie spokoju ducha w zgodzie z naturą, doskonalenie samego siebie.","5","5","5","5","5","4","5","6- Nie w sensie materialnym, ale (a jakże) duchowym. Sny, przeczucia itp. Nie wierzę w przesuwające się przedmioty.","Jestem całkowitym Politeistą. Wierzę jakby we wszystkich Bogów, czy może uznaję ich istnienie, nie tylko słowiańskich. Jeżeli mają swoich wyznawców czy mogę negować ich zdanie? Modlę się tylko do swoich i oddaję im cześć, jednak mam szacunek do innych. Nawet niektórych darzę sympatią. Wierzę w istnienie Zeusa czy Thora, ale modlę się tylko do Peruna. Tak samo jak Achilles, Sigurd Fafnesbane oraz Jezus są dla mnie na równi jako Półbogowie czy Herosi, mimo tego wolę wspominać o Lelu i Polelu na ten przykład. Stosunek do każdej wiary, religii oraz jej wyznawców wyrabiam sobie osobiście a nie przez stereotypy, bo sam wiem, że wg stereotypów powinienem kłaniać się posągom siedząc w łapciach z pokrzyw, tak samo stereotypy mogę tylko dać mi ogólny pogląd ludzi, którzy nie są zaznajomieni z jakąś religią. Dlatego nie wywyższam mojej wiary ani nie potępiam innej puki nie będzie ku temu powodów. Każdy Bóg w mojej wierze jest osobnym bytem, który ma wpływ na rzeczywistość w mniejszym lub większym stopniu. Jednak każdy ma siłę ograniczoną jego wyznawcami. Jeżeli wyznawcy odrzucą Boga, ten Bóg słabnie i nie ma wpływu na rzeczywistość. Boga nie można wymyślić, może mieć wiele imion, lecz jest ten byt, który się czymś zajmuje. Na przykład Cthulhu jest dobrym wymysłem, ale czczenie go nie przyniesie skutków. Czy Mokosza, Gaia albo Freja są osobnymi bytami czy jednym i tym samym mająca wiele imion w różnych narodach? Nie wiem, mogę ją traktować jako osobny byt. Natomiast czy Perun i Swaróg to ten sam byt? Nie, zajmują się kompletnie innymi dziedzinami życia. Czy Lela i Dodola to jedno, albo Lela i Mokosza. Tu już prędzej można dywagować. Mimo to, nawet jeżeli jest dwóch Rodzimowierców i każdy mówi któreś z tych zdań osobno, nie będę próbował na siłę zmieniać światopoglądu któregokolwiek, dopóki nie zostaną odnalezione na przykład zabytki, które by świadczyły o tym, że przodkowie uważali to za inne imię tej samej Bogini, albo jej siostrę, albo osobny byt. ","Tolerowanie wszystkich Bogów oraz uznawanie Bogów za siły natury. Oprócz oczywiście szoku typowego chrześcijanina typu ""Jak to 'w wielu'?"" te dwa mogą wydać się dziwne. O ile pierwsze zda się logiczne po krótkim oswojeniu się z tematem i zacznie być polem do dyskusji wśród Rodzimowierców na przykład, to wyjaśnienie Chrześcijaninowi, że Czcę Matkę Ziemię i Boga Słońce czy Boga Piorunów a za równo nie uznaję materialnej kuli gazów czy wyładowania atmosferycznego za Boga, ale raczej część metafizyczną natury, że taki piorun trzasnął dokłądnie w to miejsce i o tym czasie. Jakby trzasnął gdzie indziej, to symboliki by nie było. Nie wspominajmy o tym, jak się to wyjaśnia ateistom. Oni negują jednego Boga, a co dopiero z całym zastępem...","Tak, wiem jaką rolę odegrał w historii rodzimowierstwa","Nie","Tak, wiem jaką rolę odegrał w historii rodzimowierstwa","Tak, wiem jaką rolę odegrał w historii rodzimowierstwa","","Tak i nie za razem. Ubogi duchowo w krajach gdzie przeważa ateizm i chrześcijaństwo, bo idziemy w stronę techniki i dążeniu do utopii w ujednolicaniu całego swiata pod jedno dyktando, a także konstruowaniu teorii wszystkiego. Nie powiem, że jest to złe, ale przez to zapominamy cieszyć się z codzienności. Inaczej jest w krajach islamskich. Tam jest nastrój bogaty duchowo. Tylko czy to jest dobrze?","Tak","Tak","Rodzimowierstwo powinno być elastyczne i opierać się w gruncie na założeniu, że jedność jest w wielości a aiwelość w jedności. Potrzeba zarówno chwili konserwatyzmu jak i parcia na przód liberała. Dzięki temu nie będziemi ani za mocno zastali ani też nie będziemy przyjmować każdej nowej głupoty za świętość.","Jeżeli ożeni się chłop Słowianin z kobietą greczynką i będą wyznawać oba panteony, to jak chłop będzie utożsamiał się bardziej z Rodzimowierstwem, niech nim jest.","Tak","Nie","Tak","Obcokrajowcami są Ukraincy. Nie mam nic przeciw temu, aby ludzie z zewnatrz pracowali na Polskie PKB. Ale żeby zaznajomili się z naszą kulturą i mieli poszanowanie. Jeżeli chą tu być na stałę niech ich dzieci uczą się o Ukrainie, ale równocześnie też o Polsce, gdyż właśnie urodzili się w Polsce i prawdopodobnie będą obywatelami naszego kraju.","Tak","Tak","Zależy od człowieka, nie od ogółu. ","Tak","Nie","Zależy co uznamy za zgniliznę. Jak pięciu ludzi nie lubi gejów i mówi o nich zgnilizna to sprawa personalna nie całej szerokiej na parenaście krajów wiary. Rozumiem przez to, że jest to walka z na przykłąd głupotą ludzką czy ignorancją.","Politeistyczne podobne do Rodzimowierstwa, związane z etnicznością: Szacunek, dobre relacje.
Inne niezwiązane z etnicznością, jak religie i poglądy filozoficzne Azji: Szacunek, może wspólnie da się wywnioskować coś nowego, jednak nie ""konwertować"" swoich wyznawców na siłę, bo to bezcelowe.
Monoteizmy: Odnosić się z szacunkiem do czasu ataku, niestety ale monoteizmy często atakują inne religie i siebie nawzajem, gdyż, jak wiadomo, tylko jeden ich Bó jest prawdziwy, więc wszyscy inni to kłamcy i Poganie. Do Chrześcijan, którzy odnoszą się do Rodzimowierstwa z szacunkiem też odnosić się z szacunkiem.","Najpierw musi dojrzeć, aby być lekarstwem na cokolwiek, a widząc jakie społeczeństwo się do nasz przyłącza to już blisko.","5","3",""
"2018/05/23 7:44:21 PM CET","18 - 24","Mężczyzna","woj. małopolskie","miasto, powyżej 300000 mieszkańców","5 - 10 lat","z internetu","","Rodzimowierstwo jest współczesnym ruchem dążącym do szerokiego odrodzenia etnicznych wierzeń Słowian.","5","5","5","5","5","4","3","","Do niedawna skłaniałem się do panteizmu (czy raczej polipanteizmu), obecnie raczej politeizm z niewielką domieszką animizmu.","Dla większości ludzi przyzwyczajonych do chrześcijańskiej wizji świata dziwny może być np. podział duszy na części czy pokłony oddawane w kierunku ciał niebieskich i stworzeń utożsamianych z konkretnymi bóstwami (stąd przecież częsty zarzut o czczeniu drzew).","Tak, wiem jaką rolę odegrał w historii rodzimowierstwa","Tak, wiem jaką rolę odegrał w historii rodzimowierstwa","Tak, wiem jaką rolę odegrał w historii rodzimowierstwa","Tak, wiem jaką rolę odegrał w historii rodzimowierstwa","","Tak","Tak","Jest wiele organizacji poświęconych ochronie Przyrody, natomiast zbyt często bagatelizuje się istotność tego typu działań","Rodzimowierstwo powinno łączyć Słowian niezależnie od poglądów","Tak","Socjalizacja w danej kulturze jest równie istotna, co krew","Wyłącznie, jeśli wychowała się w kulturze słowiańskiej","Tak","Nie","Nie","Tak","Do pewnego momentu tak, jednak w momencie gdy zaczynamy negować związek płci i rodzaju (genderu), postulujemy istnienie kolejnych rodzajów lub nieistnienie płci w ogóle, to takie idee stoją w sprzeczności z rodzimą wiarą.","Tak","Nie","Tak","Wyznania uniwersalistyczne - naturalną relacją jest wrogość. Inne wyznania etniczne - sympatia, zaś w przypadku wyznań synkretycznych i innych niepodpadających pod powyższe kategorie - wzajemny szacunek.","Tak, ponieważ wprowadza do społeczeństwa postulat twórczego podejścia do rzeczywistości oraz swego rodzaju „włączania się” w świat, które np. neguje skrajnie spirytualistyczne chrześcijaństwo.","5","7","Pojęcia liberalizmu i konserwatyzmu ekonomicznego nie wyczerpują zagadnienia, jako socjalista nie mogłem się utożsamić z żadnym z tych biegunów."
"2018/05/23 10:09:18 PM CET","25 - 34","Mężczyzna","woj. mazowieckie","miasto, powyżej 300000 mieszkańców","5 - 10 lat","Internet","Rodzima Wiara","Religią, wspólnotą i tradycją","4","5","3","1","1","5","1","","Rodzimowiercy sławią od zawsze Bogów – Siły Przyrody jak wszyscy Aryosłowianie. Sława Słońcu, Matce-Ziemi i Światu, Sława Mokoszy, Perunowi, Swantewidowi, Swarogowi, Trygłowowi i Żywii,  Sława wszystkim Bogom i Boginiom!","Raczej nie","Tak, wiem jaką rolę odegrał w historii rodzimowierstwa","Tak, wiem jaką rolę odegrał w historii rodzimowierstwa","Nie","Tak, wiem jaką rolę odegrał w historii rodzimowierstwa","Stanisław Potrzebowski","Tak","Nie","Tak","Tak","Tak","Tak","Nie","Tak","Tak","Nie","Tak","Nie","Tak","Tak","Tak","Szacunek i akceptacja","Wszystko dzieje się wedle boskich praw Przyrody. One są niepodważalne. Ich zrozumienie jest koniecznym warunkiem istnienia człowieka i narodu, ich rozwoju   i naszego pojmowania sensu życia.","4","2","Za dużo lgbt;)"
"2018/05/23 11:26:50 PM CET","35 - 44","Mężczyzna","woj. podlaskie","miasto, 10000 - 50000 mieszkańców","3 - 5 lat","Od znajomych","","Religią etniczną odwołująca się do rekonstruowanych wierzeń dawnych Słowian","5","5","5","5","5","5","4","","Jestem politeistą, wplatającym w swoje wierzenia elementy animistyczne. Nie ma przekonujących dowodów na jakikolwiek henoteizm wśród dawnych Słowian.","Rodzina różnie patrzy na moją wiarę w działania magiczne. Reakcje jej członków to od pełnej akceptacji, po uznawanie tego za dziwactwo.","Tak, wiem jaką rolę odegrał w historii rodzimowierstwa","Tak, wiem jaką rolę odegrał w historii rodzimowierstwa","Tak, wiem jaką rolę odegrał w historii rodzimowierstwa","Tak, wiem jaką rolę odegrał w historii rodzimowierstwa","","Tak","Nie","Tak","O ile cenię sobie społeczeństwo liberalne, o tyle uważam, że rodzimowierstwo w sposób naturalny znajdować się będzie bliżej wartości konserwatywnych","Dopuszczam czczenie innych bogów, o ile to bogom słowiańskim dana osoba oddaje głównie cześć. Tylko wtedy podpada pod określenie rodzimowiercy słowiańskiego","Nie","Nie","Nie","Nie mam nic przeciwko imigracji ludzi, którzy chcą pracować i szanują kulturę i porządek społeczny w rkaju.","Tak","Jako awerroista nie widze problemu w tym, aby prawda religijna i naukowa rózniły się między sobą","Tak","Tak","Nie","To zależy od tego co rozumiemy pod pojęciem zgnilizny oraz ""zwalczania""","Jestem zwolennikiem wzajemnej tolerancji między wyznaniami. Jak również prawa do obrony przedstawicielom danej religii w przypadku represji ze strony innowierców.","Rodzimowierstwo może być odpowiedzią na kryzys tożsamości w zglobalizowanym świecie. Zwłaszcza w obliczu tendencji do zacierania różnic między kulturami i postępów ruchów parareligijnych jak New Age.","7","4",""
"2018/05/24 10:51:34 AM CET","35 - 44","Kobieta","woj. lubelskie","miasto, 51000 - 100000 mieszkańców","Nie uczestniczę w grupowych obrzędach","Internet, Facebook","","Wiara w słowiańskich Bogów, kult i szacunek dla przodków, obrzędy, poznawanie historii i tradycji, ochrona i opieka nad miejscami kultu. ","3","3","4","3","4","3","3","","Agnostyczka ze skłonnością do politeizmu. ","Tak. Otwarte podważanie doktryn chrześcijańskich/katolickich. Mówienie o prawdziwym pochodzeniu i znaczeniu świąt, obrzędów, tradycji i symboli, o ich zawłaszczeniu przez chrześcijaństwo. W naszym katolickim społeczeństwie jest to źle odbierane, mimo że często jest to katolicyzm na pokaz. Jest to temat niewygodny, kontrowersyjny, spotykajacy się z krytyką i niezrozumieniem. Spotykam się wręcz z zaprzeczaniem faktom historycznym. Podejście typu ""tak nie wypada"", ""o takich rzeczch się nie mówi"".","Nie","Nie","Nie","Nie","","Tak","Tak","Tak","Nie","Nie","Nie","Nie","Nie","Nie","Zatrzymana, ale nie za wszelką cenę.","Tak","Tak","Tak","Nie","Niejasne pytanie. Nie udzielam odpowiedzi.","Tolerancja, dialog, zrozumienie, szacunek.","Nie.","7","7","Określenie ""zgnilizna społeczna"" jest niejasne. Nie wiadomo, co autor miał na myśli."
"2018/05/24 10:51:35 AM CET","35 - 44","Kobieta","woj. lubelskie","miasto, 51000 - 100000 mieszkańców","Nie uczestniczę w grupowych obrzędach","Internet, Facebook","","Wiara w słowiańskich Bogów, kult i szacunek dla przodków, obrzędy, poznawanie historii i tradycji, ochrona i opieka nad miejscami kultu. ","3","3","4","3","4","3","3","","Agnostyczka ze skłonnością do politeizmu. ","Tak. Otwarte podważanie doktryn chrześcijańskich/katolickich. Mówienie o prawdziwym pochodzeniu i znaczeniu świąt, obrzędów, tradycji i symboli, o ich zawłaszczeniu przez chrześcijaństwo. W naszym katolickim społeczeństwie jest to źle odbierane, mimo że często jest to katolicyzm na pokaz. Jest to temat niewygodny, kontrowersyjny, spotykajacy się z krytyką i niezrozumieniem. Spotykam się wręcz z zaprzeczaniem faktom historycznym. Podejście typu ""tak nie wypada"", ""o takich rzeczch się nie mówi"".","Nie","Nie","Nie","Nie","","Tak","Tak","Tak","Nie","Nie","Nie","Nie","Nie","Nie","Zatrzymana, ale nie za wszelką cenę.","Tak","Tak","Tak","Nie","Niejasne pytanie. Nie udzielam odpowiedzi.","Tolerancja, dialog, zrozumienie, szacunek.","Nie.","7","7","Określenie ""zgnilizna społeczna"" jest niejasne. Nie wiadomo, co autor miał na myśli."
"2018/05/24 11:54:24 AM CET","18 - 24","Mężczyzna","woj. wielkopolskie","miasto, powyżej 300000 mieszkańców","5 - 10 lat","Internet, strony RW i SW","ZW RP Ród","Wiara etniczna odwołująca się do dziedzictwa sprzed chrystianizacji i z czasu jej trwania. To dziedzictwo nie jest fantastyką, nie jest uniwersalne. Jest słowiańskie, a momentami mieszczą się w nim też trwałe zapożyczenia do kultury słowiańskiej ( bo nigdzie na świecie żaden lud nie ma czysto swojej kultury w 100%). Ważne elementy stanowi w niej kult przodków i bogów oraz obchodzenie świąt cyklu rocznego. Na tym jednak cała religia się nie kończy.","5","5","5","5","4","5","5","","Politeista, ale bez elementu animizmu wyjaśnienie tej religii byłoby płytkie i bezsensowne.","Prawie wszystko. Czemu wielu bogów? Czy przesuwacie słońce kijem? Czemu wrzucacie chleb do ognia? Wszyscy z was noszą te śmieszne cosplaye z średniowiecznego RPGa? Słowianie byli niezaawansowanym technologicznie ludem, który popadł w zależność, zanim samodzielnie utworzył swoje państwa, nawet nie umieli pisać. Itd. ","Postulował wprost powrót do pogaństwa, już w XIXw. Jako materiał w tym celu zaproponował folklor, w którym upatrywał niewytrzebionych pozostałości słowiańskiej, przedchrześcijańskiej wiary.","Ideolog Zadrugi, nacjonalista, można powiedzieć, że neopoganin. Choć sprawy ducha mniej interesowały go niż ""tworzenie nowego Słowianina"". Do dziś jego poglądy pobrzmiewają wśród rodzimowierców.","Twórca bardzo eklektycznej, uniwersalistycznej słowiańskiej organizacji pogańskiej, LKCzŚ. Oceniam raczej negatywnie, choć dziś ma swoich kontynuatorów choćby w RKP.","Dziedzic dorobku Kołodzieja, twórca RKP, ezoteryk, przyjaciel sekty Himavanti. Można rzec, że rodzimowierca, ale jak dla mnie, nie bardzo istotny.","Szukalski, Wacyk, Czarnowski. Współcześnie Potrzebowski, Tomaszewski, Kędzierski. Przed końcówką XXw nie ma sensu mówić o rodzimowiercach, tylko o słowiańskich neopoganach/ poganach, bo etnonim ""rodzimowierca"" jeszcze nie funkcjonował.","Tak","Chrześcijaństwo nie jest całością tak bardzo, jak mogłoby się zdawać. Pewne jego frakcje są naszym wrogiem z góry. Lepiej, by nie przeważały. Z innymi jesteśmy w stanie rozmawiać, układać się, walczyć po tej samej stronie.","Tak, ale próba zmiany tego kończy się naciąganiem ludzi na pieniądze i ogłupianiu ich pod przykrywką ochrony przyrody, a nie realnymi działaniami dla pokonania problemu.","Powinno być różnorodne.","Słowiańskim - tak.","W większości tak, ale z nasileniem się migracji jest coraz więcej wyjątków, co wcale mnie nie dziwi ani nie oburza.","Nie zgadzam się z tym twierdzeniem, jeśli tylko ta osoba serio przyłoży się do poznania słowiańskiej wiary i kultury.","Jest elementem świata ekonomii i polityki. Można wykorzystać go bardzo źle lub nawet dobrze.","Pewnej części. Co najmniej wszystkich muzułmanów z Bliskiego Wschodu do czasu, gdy nie przestaną przeprowadzać zamachów terrorystycznych w imię wiary.","Tak","W większości nie wchodzi, ale nauka funkcjonuje w dużej mierze w oparciu o paradygmat oświeceniowy, premiujący ateizm, więc częściowo jednak tak.","Tak, ze szczególnie radykalnymi ich przejawami. Co do LGBT, problem pojawia się tam, gdzie starają się odebrać płci biologicznej wszelkie znaczenie. Sam homoseksualizm czy bisesksualizm nie są tak istotne.","Tak","Nie","Tak","Z pokrewnymi religiami etnicznymi Europy - braterskie, sojusznicze. Z resztą - szacunek, ale oddzielenie. Jeśli atakują nas, twarde stanowisko, nieustępliwość, skuteczne kontrowanie.","Poniekąd. W świecie, w którym ludzie nie wiedzą, kim są, pozwala im odkryć tożsamość. Obfituje w wartości moralne dobra, piękna i prawdy. Przeciwstawia się marginalizacji rodziny, korzeni. Przypomina o tym, co zawsze było ważne. Potrzebuje jednak wciąż wiele, wiele pracy, by zacząć być szerzej postrzegane poważnie i móc samo obronić się przed zagrożeniami z zewnątrz i wewnątrz.","6","6","Ankieta jest niezła, ale wymaga uściślania w wielu punktach, bo wiele pytań jest dwuznacznych."
"2018/05/24 3:46:02 PM CET","25 - 34","Kobieta","woj. kujawsko - pomorskie","miasto, 101000 - 300000 mieszkańców","1 - 2 lata","Z rekonstrukcji historycznej ","Nigdzie nie jestem zapisana ","Jest to sposób na życie blisko natury i celebrowanie tego co widać i czuć. ","1","4","3","2","4","4","2","W naturze widzę działanie sił nadprzyrodzonych i to ona jest dla mnie najważniejsza. ","Bardziej panteistka ","Wiara w to że zwierzęta i rośliny mają swojego ducha i energię życiową. Wiara w przepływ energii ","Tak, nie wiem kim jest dla rodzimowierstwa","Nie","Tak, wiem jaką rolę odegrał w historii rodzimowierstwa","Tak, nie wiem kim jest dla rodzimowierstwa","Nie ","Tak","Tak","Tak","Nie","Nie","Nie","Nie","Nie","Tylko islamskich. Ukraincy sa w porzadku.","Tak","Zalezy od podejscia wyznawcy.","Zalezy jaka grupa. Wiara nie wchodzi ale niektorzy ludzie niestety tak.","Tak","Wrogie nastawienie i wywieranie wpływu walką nie a wzbogacanie kultury trendów architektury i obyczajow ","Rodzimowierstwo powinno byc ostoja a nie cos zwalczac ","Rodzimowierstwo powinno mieć oficjalne miejsca kultu w kraju. Nie powinno walczyć z dominującą religia lecz prezentować swój dorobek w kulturalnej i edukacyjnej działalności bez indoktrynacji inawracania bo te dwie metody są charakterystyczne dla kościoła katolickiego. Chciałabym by rodzimowierstwo było inkluzywne i przyjazne oraz otwarte na dyskusję bez dawania się sprowokować typowym moherom u bez bojowej postawy.","To człowiek jest przyczyną i rozwiązaniem bolaczek. Religia niektórym pomaga i dodaje otuchy i to w zasadzie jedyna funkcja. Oddanie spraw w ręce sił nadprzyrodzonych bez własnego działania i zaufanie ze wszystko się rozwiąże i problemy znikną jest głupie.  ","9","4","Nie "
"2018/05/24 3:49:31 PM CET","25 - 34","Kobieta","woj. małopolskie","miasto, powyżej 300000 mieszkańców","Nie uczestniczę w grupowych obrzędach","Książki, internet, studia religioznawcze","","Rodzimowierstwo jest to wiara odnosząca się do wiary przedchrześcijańskiej, czerpiąca z religii dawnych Słowian. ","1","4","5","3","4","5","1","","Wierzę, że cały świat naturalny jest przesiąknięty pierwiastkiem duchowym. że jesteśmy częścią świata, a po śmierci łączymy się ","Duża część mojej wiary. Przez ludzi odcinających sie całkowicie od religii, już sama koncepcja pierwiastka duchowego, dla ludzi innych wyznań wiara w to, że nie tylko my posiadamy ten pierwiastek ","Tak, wiem jaką rolę odegrał w historii rodzimowierstwa","Tak, wiem jaką rolę odegrał w historii rodzimowierstwa","Tak, wiem jaką rolę odegrał w historii rodzimowierstwa","Tak, wiem jaką rolę odegrał w historii rodzimowierstwa","","Myślę, że jest uboższy niż kiedyś jednak mimo wszystko wciąż wiele duchowości w nim pozostaje ","Każda religia monoteistyczna jest z zasady religią roszczącą sobie prawo do jedynej prawdy dlatego nie może sie zgadzać na inne wyznania. Jedynie na zasadzie lekceważenia, że inne to wiara w gusła itp","Tak","Każda religia musi się dostosowywać do zmieniającej sie rzeczywistości. Jednak ważne by najważniejsze jej filary pozostawały nienaruszone ","Nie","Nie","Nie","Tak","Nie","Tak","Tak","Nie","Tak","Nie","Nie rozumiem kontekstu w jakim zostało uużyte pojęcie społecznej zgnilizny","Przyjazne, a jeżeli nie to neutralne. Jednak atak na religię powinien być odpierany , a nie biernie przyjmowany","Myślę, że na jednostkowe poczucie jak najbardziej. człowiek zyskuje stałość odnajdując swoje korzenie, czuje się ważny będąc częścią świata. Jednak nie każdy tego właśnie poszukuje więc nie każdego wiara może uleczyć","5","7","Pytanie odnośnie społecznej zgnilizny nie jest jasne. Jednak cała ankieta jest ciekawa. Pozdrawiam i życzę powodzenia na studiach :) "
"2018/05/24 3:49:52 PM CET","Mniej niż 18 lat","Kobieta","woj. małopolskie","miasto, 10000 - 50000 mieszkańców","Nie uczestniczę w grupowych obrzędach","Oglądając kanał ThuleanPerspective na platformie YouTube (autor jest rodzimowiercą nordyckim, ale to dzięki niemu dowiedziałam się o współczesnym kulcie pogańskich bogów)","","Rodzimowierstwo jest dla mnie religią, która nie zamyka się w samych praktykach religijnym, ale przenika prawie każdą sferę życia. Jest także pogłębieniem duchowego spojrzenia na świat i zwróceniem uwagi na wiele wartości. Reasumując: ogromny dar od naszych przodków, o który musimy dbać.","5","5","4","5","5","4","2","","Jestem politeistką. Wierzę w wielu osobowych bogów, ale ważne miejsce w moim rozwoju duchowym zajmują także demony (rzecz jasna słowiańskie).","Za ateistów/monoteistów jakakolwiek wiara w pogańskich bogów może być wzięta za dziwną. Jest to wina jedynie niedoinformowania.","Nie","Tak, wiem jaką rolę odegrał w historii rodzimowierstwa","Nie","Nie","","Jeśli mowa o ogóle - tak, zdecydowanie. Nie uważam natomiast, że współczesny człowiek nie może osiągnąć tego poziomu duchowego co przodkowie.","Tak","Tak","Moim zdaniem rodzimowierstwo powinno być dla wszystkich.","Rodzimowiercą powinien nazywać się wyłącznie człowiek czczący bogów swoich przodków. Jeśli jest Słowianinem - wtedy wyłącznie bogów słowiańskich.","Tak","Tak","Tak","Wyłącznie obcokrajowców spoza Europy.","Nie","Tak","Nie","Tak - dla każdej takiej osoby, która posiada słowiańskich przodków.","Nie","Nie do końca rozumiem.","Inne wyznania pogańskie - wymiana mądrości przodków i wspieranie siebie nawzajem. Inne religie - stosunki obojętne, o ile druga strona na coś takiego pozwoli, bo póki dalej odnosi się wrogo do rodzimowierstwa nie ma co liczyć na porozumienie.","Moim zdaniem jest to kwestia bardzo indywidualna. Niektórym na pewno w jakiś sposób pomoże, ale zależy to wyłącznie od duchowego zaangażowania.","4","2",""